Pass,SpreadModel,TimeFrame,LookBack,RegressionLookBack,ZScoreOpen,ZScoreClose,AddZStep,MaxAddCount,AddLotStep,BaseLots,MinBasketProfit,ExtremeZThreshold,NetProfit,Sharpe,ProfitFactor,MaxAccountProfit,MaxAccountLoss,WorstBasketLoss,MaxEquityDrawdown,MaxEquityDrawdownPct,LongestBasketHoldHours,AvgBasketHoldHours,MaxExtremeZHours,AvgExtremeZHours,BasketCountObserved,ExtremeZEpisodeCount,ActiveBasketAgeHoursAtEnd,Score
30,OLS_LOG_RESIDUAL,M15,60,60,3.0,0,2.5,7,0.00,0.01,1,3,498.10,1.613443,1.256540,515.55,45.95,258.65,262.42,2.5552,1128.1164,46.8951,1.2067,0.0213,88,5679,30.1889,86.901780
60,OLS_LOG_RESIDUAL,M15,60,60,2.5,0,2.0,7,0.02,0.01,1,3,861.02,0.675503,1.167537,878.48,744.43,1125.59,1160.86,11.1445,1424.6706,51.8029,1.2067,0.0213,88,5679,30.2028,15.199137
90,OLS_LOG_RESIDUAL,M15,60,60,2.0,0,1.5,7,0.04,0.01,1,3,1155.88,0.354748,1.121751,1715.11,1992.11,2685.57,2692.04,25.1594,1424.6989,88.7196,1.2067,0.0213,60,5679,992.4883,0.688654
0,OLS_LOG_RESIDUAL,M15,60,60,1.5,0,1.0,7,0.00,0.01,1,3,-208.06,-0.143995,0.942613,246.58,1465.39,1467.97,1475.16,14.7372,3026.6564,72.9161,1.2067,0.0213,72,5679,1542.5550,-31.497502
31,OLS_LOG_RESIDUAL,M30,60,60,3.0,0,2.5,7,0.00,0.01,1,3,120.32,0.413428,1.116178,265.29,148.34,246.46,246.60,2.4023,1541.8217,152.2717,2.9392,0.0254,30,3222,1541.8217,0.197795
61,OLS_LOG_RESIDUAL,M30,60,60,2.5,0,2.0,7,0.02,0.01,1,3,-873.80,-0.459926,0.708487,377.20,2508.87,2883.58,2886.07,27.8116,1424.4642,98.2280,2.9392,0.0254,47,3222,992.3572,-65.385445
91,OLS_LOG_RESIDUAL,M30,60,60,2.0,0,1.5,7,0.04,0.01,1,3,537.56,0.429209,1.124808,1262.43,71.69,1328.34,1334.12,11.8458,1532.6219,82.7259,2.9392,0.0254,58,3222,1532.6219,0.422127
1,OLS_LOG_RESIDUAL,M30,60,60,1.5,0,1.0,7,0.00,0.01,1,3,659.90,1.240578,1.232317,742.25,264.86,347.70,350.44,3.4747,1424.5806,66.3111,2.9392,0.0254,76,3222,195.9225,48.622877
32,OLS_LOG_RESIDUAL,M15,60,60,1.5,0,3.0,7,0.00,0.01,1,3,139.31,0.292742,1.081081,296.64,494.43,497.01,499.12,4.9889,3079.5153,61.2628,1.2067,0.0213,86,5679,1542.5550,0.042186
62,OLS_LOG_RESIDUAL,M15,60,60,3.0,0,2.0,7,0.02,0.01,1,3,1120.34,1.786288,1.340125,1137.79,107.28,514.73,519.92,4.8431,1128.1164,41.9374,1.2067,0.0213,95,5679,30.1889,217.318865
92,OLS_LOG_RESIDUAL,M15,60,60,2.5,0,1.5,7,0.04,0.01,1,3,1892.60,0.599109,1.184078,1910.06,2315.90,2646.69,2666.89,25.7646,1424.6686,50.6329,1.2067,0.0213,89,5679,30.2028,16.950245
33,OLS_LOG_RESIDUAL,M30,60,60,1.5,0,3.0,7,0.00,0.01,1,3,440.32,1.461465,1.271660,481.49,92.80,241.25,252.18,2.4407,1424.5825,74.2950,2.9392,0.0254,69,3222,195.9225,51.007387
63,OLS_LOG_RESIDUAL,M30,60,60,3.0,0,2.0,7,0.02,0.01,1,3,209.17,0.245306,1.129705,354.14,744.55,864.12,979.69,9.5718,1541.8217,125.3040,2.9392,0.0254,35,3222,1541.8217,0.120029
2,OLS_LOG_RESIDUAL,M15,60,60,2.0,0,1.0,7,0.00,0.01,1,3,782.66,0.787942,1.209383,817.58,841.55,905.05,911.52,9.0519,1424.6992,39.6673,1.2067,0.0213,122,5679,30.3556,23.220736
93,OLS_LOG_RESIDUAL,M30,60,60,2.5,0,1.5,7,0.04,0.01,1,3,601.47,0.797076,1.171185,934.88,270.59,762.67,795.54,7.5586,1990.9997,105.7953,2.9392,0.0254,44,3222,1990.9997,0.994331
34,OLS_LOG_RESIDUAL,M15,60,60,2.0,0,3.0,7,0.00,0.01,1,3,204.90,0.549416,1.125615,348.11,319.37,366.44,372.91,3.7092,1541.6619,58.8624,1.2067,0.0213,87,5679,1541.6619,0.414246
64,OLS_LOG_RESIDUAL,M15,60,60,1.5,0,2.5,7,0.02,0.01,1,3,221.63,0.102272,1.048749,378.96,2158.36,2160.94,2163.05,21.6204,3026.5169,58.6095,1.2067,0.0213,89,5679,1542.5550,0.005378
3,OLS_LOG_RESIDUAL,M30,60,60,2.0,0,1.0,7,0.00,0.01,1,3,429.52,0.527784,1.196165,501.03,869.24,1187.45,1190.09,11.5309,2063.6453,100.0896,2.9392,0.0254,49,3222,195.7589,3.985919
94,OLS_LOG_RESIDUAL,M15,60,60,3.0,0,1.5,7,0.04,0.01,1,3,2191.68,1.098051,1.291760,2333.68,304.22,1885.64,1931.79,15.9837,1541.6583,89.0720,1.2067,0.0213,55,5679,1541.6583,7.969374
35,OLS_LOG_RESIDUAL,M30,60,60,2.0,0,3.0,7,0.00,0.01,1,3,68.87,0.167542,1.051643,345.92,236.02,580.43,581.94,5.6248,1424.5136,93.1156,2.9392,0.0254,52,3222,992.4892,0.023791
65,OLS_LOG_RESIDUAL,M30,60,60,1.5,0,2.5,7,0.02,0.01,1,3,502.28,1.194029,1.222281,543.45,92.80,286.94,290.36,2.8015,1424.5825,71.7656,2.9392,0.0254,72,3222,195.9225,36.867126
95,OLS_LOG_RESIDUAL,M30,60,60,3.0,0,1.5,7,0.04,0.01,1,3,584.96,0.387328,1.145811,711.69,1286.83,1586.77,1632.82,15.7822,1528.1056,100.7315,2.9392,0.0254,41,3222,1528.1056,0.410881
4,OLS_LOG_RESIDUAL,M15,60,60,2.5,0,1.0,7,0.00,0.01,1,3,597.55,0.662026,1.154099,615.01,638.96,723.95,730.07,7.2348,1424.6706,52.4735,1.2067,0.0213,87,5679,30.2028,12.588047
36,OLS_LOG_RESIDUAL,M15,60,60,2.5,0,3.0,7,0.00,0.01,1,3,-115.70,-0.403689,0.877071,161.86,208.55,365.38,370.01,3.6412,2952.2183,170.8348,1.2067,0.0213,31,5679,1990.9997,-8.451964
66,OLS_LOG_RESIDUAL,M15,60,60,2.0,0,2.5,7,0.02,0.01,1,3,401.74,0.605155,1.176179,548.62,605.82,726.79,733.26,7.2403,1541.6619,57.3752,1.2067,0.0213,89,5679,1541.6619,0.889443
96,OLS_LOG_RESIDUAL,M15,60,60,1.5,0,2.0,7,0.04,0.01,1,3,-542.96,-0.133727,0.928630,415.78,3671.22,3673.80,3675.91,36.7419,3079.5128,70.3440,1.2067,0.0213,75,5679,1542.5550,-78.909468
5,OLS_LOG_RESIDUAL,M30,60,60,2.5,0,1.0,7,0.00,0.01,1,3,81.82,0.172784,1.044199,364.22,121.44,485.14,485.66,4.6859,1541.8217,135.8587,2.9392,0.0254,35,3222,1541.8217,0.016273
37,OLS_LOG_RESIDUAL,M30,60,60,2.5,0,3.0,7,0.00,0.01,1,3,17.70,0.044367,1.015264,276.97,287.19,561.67,564.16,5.4896,1424.4642,116.3600,2.9392,0.0254,41,3222,992.3572,0.000486
67,OLS_LOG_RESIDUAL,M30,60,60,2.0,0,2.5,7,0.02,0.01,1,3,-356.84,-0.320728,0.873539,447.12,1270.79,1716.30,1717.91,16.4439,1424.5136,80.1674,2.9392,0.0254,60,3222,992.4892,-37.175262
97,OLS_LOG_RESIDUAL,M30,60,60,1.5,0,2.0,7,0.04,0.01,1,3,717.92,1.269031,1.242278,759.09,92.80,466.07,469.49,4.4365,1424.5825,70.0838,2.9392,0.0254,73,3222,195.9225,50.091341
6,OLS_LOG_RESIDUAL,M15,60,60,3.0,0,1.0,7,0.00,0.01,1,3,861.44,1.736290,1.299919,878.89,79.05,388.64,392.41,3.7601,1128.0658,42.1322,1.2067,0.0213,95,5679,30.1889,162.252265
38,OLS_LOG_RESIDUAL,M15,60,60,3.0,0,3.0,7,0.00,0.01,1,3,478.42,1.578633,1.286438,495.87,35.80,257.95,261.72,2.5497,1128.1164,48.6130,1.2067,0.0213,87,5679,30.1889,91.260524
68,OLS_LOG_RESIDUAL,M15,60,60,2.5,0,2.5,7,0.02,0.01,1,3,728.85,0.955621,1.219869,746.31,580.50,716.21,725.95,7.1554,1424.6686,50.8400,1.2067,0.0213,89,5679,30.2028,31.826351
98,OLS_LOG_RESIDUAL,M15,60,60,2.0,0,2.0,7,0.04,0.01,1,3,1227.42,0.401392,1.144457,1386.88,2254.77,2629.24,2644.98,25.4565,1541.6619,57.8855,1.2067,0.0213,88,5679,1541.6619,0.586591
39,OLS_LOG_RESIDUAL,M30,60,60,3.0,0,3.0,7,0.00,0.01,1,3,117.33,0.403152,1.113509,262.30,148.61,246.46,246.60,2.4030,1541.8217,147.4219,2.9392,0.0254,31,3222,1541.8217,0.183756
7,OLS_LOG_RESIDUAL,M30,60,60,3.0,0,1.0,7,0.00,0.01,1,3,108.73,0.179805,1.059371,391.13,397.30,529.05,553.43,5.4492,1541.8217,100.4445,2.9392,0.0254,41,3222,1541.8217,0.028477
69,OLS_LOG_RESIDUAL,M30,60,60,2.5,0,2.5,7,0.02,0.01,1,3,-490.65,-0.460781,0.714649,303.09,1404.60,1701.54,1707.69,16.5745,1424.4642,116.2500,2.9392,0.0254,41,3222,992.3572,-38.496442
99,OLS_LOG_RESIDUAL,M30,60,60,2.0,0,2.0,7,0.04,0.01,1,3,561.27,0.430907,1.166124,703.47,1442.89,1798.52,1800.85,17.3861,2303.8953,101.8142,2.9392,0.0254,48,3222,195.7589,2.375002
70,OLS_LOG_RESIDUAL,M15,60,60,3.0,0,2.5,7,0.02,0.01,1,3,913.64,1.644754,1.289300,931.09,100.60,510.46,519.92,4.9000,1128.1164,45.9679,1.2067,0.0213,89,5679,30.1889,138.699063
8,OLS_LOG_RESIDUAL,M15,60,60,1.5,0,1.5,7,0.00,0.01,1,3,-109.08,-0.114625,0.959831,196.87,979.91,982.49,984.60,9.8414,3079.4886,74.6382,1.2067,0.0213,71,5679,1542.5550,-20.757084
40,OLS_LOG_RESIDUAL,M15,60,60,1.5,0,1.0,7,0.02,0.01,1,3,-415.21,-0.022249,0.971736,429.60,8738.75,8741.33,8758.67,87.4126,3026.6592,83.7438,1.2067,0.0213,63,5679,1863.9722,-178.977974
100,OLS_LOG_RESIDUAL,M15,60,60,2.5,0,2.0,7,0.04,0.01,1,3,1280.19,0.611105,1.163882,1297.65,1231.50,1856.69,1922.76,17.9844,1424.6711,51.7997,1.2067,0.0213,88,5679,30.2028,13.919006
71,OLS_LOG_RESIDUAL,M30,60,60,3.0,0,2.5,7,0.02,0.01,1,3,152.98,0.354349,1.122607,297.95,325.24,434.24,446.15,4.4082,1541.8217,147.2738,2.9392,0.0254,31,3222,1541.8217,0.180359
9,OLS_LOG_RESIDUAL,M30,60,60,1.5,0,1.5,7,0.00,0.01,1,3,564.08,1.573604,1.261002,626.23,92.80,241.25,252.18,2.4290,1424.5825,63.5472,2.9392,0.0254,79,3222,195.9225,67.650694
41,OLS_LOG_RESIDUAL,M30,60,60,1.5,0,1.0,7,0.02,0.01,1,3,1427.18,0.939657,1.195074,1786.33,609.28,1169.56,1196.09,10.9814,1424.5803,59.5997,2.9392,0.0254,84,3222,195.9225,34.695678
101,OLS_LOG_RESIDUAL,M30,60,60,2.5,0,2.0,7,0.04,0.01,1,3,-1715.71,-0.481585,0.615635,442.85,4579.44,5016.50,5022.29,48.0931,1424.4642,98.0343,2.9392,0.0254,47,3222,992.3572,-115.415197
72,OLS_LOG_RESIDUAL,M15,60,60,1.5,0,3.0,7,0.02,0.01,1,3,155.95,0.169100,1.060234,313.28,980.19,982.77,984.88,9.8442,3079.4883,59.7287,1.2067,0.0213,88,5679,1542.5550,0.013632
10,OLS_LOG_RESIDUAL,M15,60,60,2.0,0,1.5,7,0.00,0.01,1,3,714.30,1.083200,1.239021,731.98,470.25,549.76,556.23,5.5149,1424.6997,38.6980,1.2067,0.0213,125,5679,30.3556,44.479229
42,OLS_LOG_RESIDUAL,M15,60,60,2.0,0,1.0,7,0.02,0.01,1,3,2617.32,0.469225,1.182688,2687.87,3934.18,4410.70,4417.17,42.1365,1424.6972,38.2168,1.2067,0.0213,126,5679,30.3556,11.781085
102,OLS_LOG_RESIDUAL,M15,60,60,3.0,0,2.0,7,0.04,0.01,1,3,1691.15,1.772040,1.362868,1712.20,173.75,760.27,770.91,6.8892,1128.1164,41.9288,1.2067,0.0213,95,5679,30.1889,283.374595
73,OLS_LOG_RESIDUAL,M30,60,60,1.5,0,3.0,7,0.02,0.01,1,3,500.70,1.266248,1.237371,541.87,92.80,287.05,290.47,2.8030,1424.5825,69.0850,2.9392,0.0254,74,3222,195.9225,41.612937
11,OLS_LOG_RESIDUAL,M30,60,60,2.0,0,1.5,7,0.00,0.01,1,3,212.95,0.463328,1.118556,462.25,108.37,446.95,452.56,4.3256,1532.6219,108.3637,2.9392,0.0254,46,3222,1532.6219,0.320490
103,OLS_LOG_RESIDUAL,M30,60,60,3.0,0,2.0,7,0.04,0.01,1,3,145.37,0.100355,1.071381,366.49,1260.63,1414.76,1627.12,15.6960,1541.8217,185.8955,2.9392,0.0254,25,3222,1541.8217,0.011082
43,OLS_LOG_RESIDUAL,M30,60,60,2.0,0,1.0,7,0.02,0.01,1,3,564.10,0.412652,1.126742,1058.16,705.99,1578.51,1616.62,14.8169,1532.6219,80.0677,2.9392,0.0254,60,3222,1532.6219,0.374185
74,OLS_LOG_RESIDUAL,M15,60,60,2.0,0,3.0,7,0.02,0.01,1,3,388.78,0.593173,1.186721,531.99,576.31,718.90,725.37,7.1472,1541.6619,58.8432,1.2067,0.0213,87,5679,1541.6619,0.900515
12,OLS_LOG_RESIDUAL,M15,60,60,2.5,0,1.5,7,0.00,0.01,1,3,431.29,0.697878,1.154191,472.46,493.57,543.16,549.28,5.4624,1424.6706,59.0799,1.2067,0.0213,80,5679,195.7589,9.633712
104,OLS_LOG_RESIDUAL,M15,60,60,1.5,0,2.5,7,0.04,0.01,1,3,226.01,0.055442,1.033487,383.34,3620.86,3623.44,3625.55,36.2385,3026.5992,68.2278,1.2067,0.0213,77,5679,1542.5550,0.001318
75,OLS_LOG_RESIDUAL,M30,60,60,2.0,0,3.0,7,0.02,0.01,1,3,-397.49,-0.367286,0.793821,392.24,1311.44,1697.76,1703.68,16.3938,1424.5136,91.3714,2.9392,0.0254,53,3222,992.4892,-37.346271
44,OLS_LOG_RESIDUAL,M15,60,60,2.5,0,1.0,7,0.02,0.01,1,3,2042.36,0.473496,1.134913,2059.82,2343.26,3102.51,3213.62,28.5466,1424.6689,50.9194,1.2067,0.0213,89,5679,30.2028,9.477386
13,OLS_LOG_RESIDUAL,M30,60,60,2.5,0,1.5,7,0.00,0.01,1,3,152.90,0.450592,1.135247,278.74,135.11,354.51,359.25,3.5128,1531.1558,120.5992,2.9392,0.0254,39,3222,1531.1558,0.281836
105,OLS_LOG_RESIDUAL,M30,60,60,1.5,0,2.5,7,0.04,0.01,1,3,555.54,0.989232,1.199675,596.71,92.80,418.52,421.94,4.0489,1424.5825,73.9167,2.9392,0.0254,70,3222,195.9225,26.080895
76,OLS_LOG_RESIDUAL,M15,60,60,2.5,0,3.0,7,0.02,0.01,1,3,132.43,0.407521,1.123396,409.99,188.31,365.38,370.01,3.5544,2952.2183,170.8328,1.2067,0.0213,31,5679,1990.9997,0.079639
45,OLS_LOG_RESIDUAL,M30,60,60,2.5,0,1.0,7,0.02,0.01,1,3,310.98,0.297277,1.071050,792.84,115.51,885.68,888.19,8.2294,1531.1558,117.1504,2.9392,0.0254,40,3222,1531.1558,0.125117
14,OLS_LOG_RESIDUAL,M15,60,60,3.0,0,1.5,7,0.00,0.01,1,3,664.72,1.405927,1.266360,682.17,50.95,386.55,390.32,3.7676,1127.9072,44.6911,1.2067,0.0213,92,5679,30.1889,90.115874
106,OLS_LOG_RESIDUAL,M15,60,60,2.0,0,2.5,7,0.04,0.01,1,3,606.29,0.617878,1.213808,758.35,875.54,1076.09,1091.82,10.6871,1541.6619,57.3752,1.2067,0.0213,89,5679,1541.6619,1.296216
77,OLS_LOG_RESIDUAL,M30,60,60,2.5,0,3.0,7,0.02,0.01,1,3,-418.17,-0.397973,0.742166,285.36,1342.55,1616.23,1627.91,15.8274,1424.4642,116.2521,2.9392,0.0254,41,3222,992.3572,-36.171448
46,OLS_LOG_RESIDUAL,M15,60,60,3.0,0,1.0,7,0.02,0.01,1,3,2809.73,1.652869,1.361358,2827.18,383.72,1320.37,1320.81,11.0801,1128.0567,40.9727,1.2067,0.0213,97,5679,30.1889,312.430450
15,OLS_LOG_RESIDUAL,M30,60,60,3.0,0,1.5,7,0.00,0.01,1,3,210.52,0.563132,1.140461,332.86,226.18,333.33,342.04,3.3812,1528.1056,104.0207,2.9392,0.0254,40,3222,1528.1056,0.516060
107,OLS_LOG_RESIDUAL,M30,60,60,2.0,0,2.5,7,0.04,0.01,1,3,-818.67,-0.440450,0.785558,508.84,2352.11,2855.31,2860.95,27.2242,1424.5136,77.9372,2.9392,0.0254,61,3222,992.4892,-63.964023
78,OLS_LOG_RESIDUAL,M15,60,60,3.0,0,3.0,7,0.02,0.01,1,3,777.88,1.509562,1.319604,795.33,58.80,508.37,519.92,4.9184,1128.1164,49.2576,1.2067,0.0213,86,5679,30.1889,119.750425
47,OLS_LOG_RESIDUAL,M30,60,60,3.0,0,1.0,7,0.02,0.01,1,3,875.96,0.366347,1.174074,1184.72,2132.71,2465.78,2711.92,25.6344,1990.9997,71.1628,2.9392,0.0254,53,3222,1990.9997,0.282715
16,OLS_LOG_RESIDUAL,M15,60,60,1.5,0,2.0,7,0.00,0.01,1,3,-83.97,-0.114220,0.961706,219.59,737.16,739.74,741.85,7.4150,3079.4883,74.6055,1.2067,0.0213,71,5679,1542.5550,-15.652122
79,OLS_LOG_RESIDUAL,M30,60,60,3.0,0,3.0,7,0.02,0.01,1,3,143.59,0.332650,1.117206,288.56,325.88,424.76,437.23,4.3242,1541.8217,147.2476,2.9392,0.0254,31,3222,1541.8217,0.153384
108,OLS_LOG_RESIDUAL,M15,60,60,2.5,0,2.5,7,0.04,0.01,1,3,1056.47,0.924904,1.227014,1073.93,833.78,1060.57,1080.77,10.5472,1424.6706,50.8332,1.2067,0.0213,89,5679,30.2028,35.985446
80,OLS_LOG_RESIDUAL,M15,60,60,1.5,0,1.0,7,0.04,0.01,1,3,-9885.94,-2.865182,0.220916,30.22,10006.58,10009.16,10036.80,100.0656,312.4883,156.4726,1.0503,0.0321,2,383,312.4883,-299.016602
48,OLS_LOG_RESIDUAL,M15,60,60,1.5,0,1.5,7,0.02,0.01,1,3,-338.83,-0.077284,0.958272,272.32,3904.61,3907.19,3909.30,39.0747,3079.4886,74.5401,1.2067,0.0213,71,5679,1542.5550,-81.534874
17,OLS_LOG_RESIDUAL,M30,60,60,1.5,0,2.0,7,0.00,0.01,1,3,468.58,1.457429,1.273580,509.75,92.80,241.25,252.18,2.4340,1424.5825,79.0825,2.9392,0.0254,65,3222,195.9225,54.538229
109,OLS_LOG_RESIDUAL,M30,60,60,2.5,0,2.5,7,0.04,0.01,1,3,-985.00,-0.544168,0.569835,324.42,2518.44,2829.62,2842.86,27.5353,1424.4642,116.2491,2.9392,0.0254,41,3222,992.3572,-65.681500
81,OLS_LOG_RESIDUAL,M30,60,60,1.5,0,1.0,7,0.04,0.01,1,3,1177.93,0.440953,1.109749,1791.64,1719.32,2034.05,2122.00,20.3986,1369.8667,70.2090,2.9392,0.0254,73,3222,195.9225,5.063501
49,OLS_LOG_RESIDUAL,M30,60,60,1.5,0,1.5,7,0.02,0.01,1,3,785.58,1.035154,1.195697,894.25,112.47,663.42,686.83,6.4952,1424.5825,58.8787,2.9392,0.0254,85,3222,195.9225,29.818378
110,OLS_LOG_RESIDUAL,M15,60,60,3.0,0,2.5,7,0.04,0.01,1,3,1388.49,1.690965,1.316153,1423.02,155.16,753.28,770.90,7.0286,1128.1164,45.9541,1.2067,0.0213,89,5679,30.1889,192.885927
18,OLS_LOG_RESIDUAL,M15,60,60,2.0,0,2.0,7,0.00,0.01,1,3,243.34,0.411632,1.096893,386.55,498.70,543.56,550.03,5.4722,1541.6619,62.4752,1.2067,0.0213,82,5679,1541.6619,0.236249
82,OLS_LOG_RESIDUAL,M15,60,60,2.0,0,1.0,7,0.04,0.01,1,3,4451.36,0.329041,1.179562,4557.57,7051.64,7925.33,7936.50,72.9132,1424.6972,38.2134,1.2067,0.0213,126,5679,30.3556,8.196077
111,OLS_LOG_RESIDUAL,M30,60,60,3.0,0,2.5,7,0.04,0.01,1,3,187.98,0.313364,1.132160,332.95,499.80,642.90,663.29,6.5262,1541.8217,147.2479,2.9392,0.0254,31,3222,1541.8217,0.172565
50,OLS_LOG_RESIDUAL,M15,60,60,2.0,0,1.5,7,0.02,0.01,1,3,658.99,0.344027,1.110588,1029.14,1227.39,1613.50,1619.97,15.5878,1424.6994,88.7218,1.2067,0.0213,60,5679,992.4883,0.514041
19,OLS_LOG_RESIDUAL,M30,60,60,2.0,0,2.0,7,0.00,0.01,1,3,306.11,0.681350,1.208115,347.29,377.75,597.24,599.67,5.8665,2303.6228,109.3107,2.9392,0.0254,45,3222,195.7589,5.331250
83,OLS_LOG_RESIDUAL,M30,60,60,2.0,0,1.0,7,0.04,0.01,1,3,1650.31,1.111285,1.210586,2052.73,151.99,1091.16,1130.07,10.2939,1990.9997,80.8910,2.9392,0.0254,59,3222,1990.9997,3.776503
112,OLS_LOG_RESIDUAL,M15,60,60,1.5,0,3.0,7,0.04,0.01,1,3,169.31,0.118000,1.049387,326.64,1483.53,1486.11,1488.22,14.8752,3079.5761,59.7297,1.2067,0.0213,88,5679,1542.5550,0.006323
51,OLS_LOG_RESIDUAL,M30,60,60,2.0,0,1.5,7,0.02,0.01,1,3,395.83,0.465502,1.137973,882.65,40.83,887.54,893.15,8.2071,1532.6219,85.9706,2.9392,0.0254,56,3222,1532.6219,0.483400
20,OLS_LOG_RESIDUAL,M15,60,60,2.5,0,2.0,7,0.00,0.01,1,3,137.35,0.243441,1.056366,342.50,327.06,385.32,389.90,3.8439,1424.6711,81.7246,1.2067,0.0213,60,5679,631.3886,0.143208
84,OLS_LOG_RESIDUAL,M15,60,60,2.5,0,1.0,7,0.04,0.01,1,3,3712.46,0.424871,1.143176,3729.92,4055.64,5574.61,5786.52,46.7803,1424.6686,50.2994,1.2067,0.0213,90,5679,30.2028,10.142719
113,OLS_LOG_RESIDUAL,M30,60,60,1.5,0,3.0,7,0.04,0.01,1,3,543.01,1.049654,1.214535,584.18,92.80,418.50,421.92,4.0536,1424.5825,71.0991,2.9392,0.0254,72,3222,195.9225,29.055656
52,OLS_LOG_RESIDUAL,M15,60,60,2.5,0,1.5,7,0.02,0.01,1,3,1180.05,0.655173,1.182896,1197.51,1406.02,1595.20,1604.93,15.7363,1424.6686,50.6802,1.2067,0.0213,89,5679,30.2028,17.142150
21,OLS_LOG_RESIDUAL,M30,60,60,2.5,0,2.0,7,0.00,0.01,1,3,-32.65,-0.063997,0.978181,313.92,439.17,750.60,753.09,7.3017,1424.4642,100.7843,2.9392,0.0254,46,3222,992.3572,-15.134185
85,OLS_LOG_RESIDUAL,M30,60,60,2.5,0,1.0,7,0.04,0.01,1,3,502.76,0.304680,1.075452,1222.47,263.21,1326.45,1328.96,11.8420,1531.1558,114.2242,2.9392,0.0254,41,3222,1531.1558,0.169861
114,OLS_LOG_RESIDUAL,M15,60,60,2.0,0,3.0,7,0.04,0.01,1,3,581.69,0.602901,1.230522,724.90,825.03,1063.26,1078.99,10.5227,1541.6619,58.8431,1.2067,0.0213,87,5679,1541.6619,1.320633
53,OLS_LOG_RESIDUAL,M30,60,60,2.5,0,1.5,7,0.02,0.01,1,3,313.09,0.629478,1.122398,621.87,135.11,436.63,451.60,4.3480,1990.9997,105.9197,2.9392,0.0254,44,3222,1990.9997,0.393325
22,OLS_LOG_RESIDUAL,M15,60,60,3.0,0,2.0,7,0.00,0.01,1,3,571.95,1.729121,1.300533,589.40,39.87,260.07,263.84,2.5615,1128.1164,44.3840,1.2067,0.0213,92,5679,30.1889,125.109635
86,OLS_LOG_RESIDUAL,M15,60,60,3.0,0,1.0,7,0.04,0.01,1,3,4813.27,1.624383,1.383293,4830.72,691.37,2342.38,2342.97,17.5274,1128.0564,40.8621,1.2067,0.0213,97,5679,30.1889,375.410234
115,OLS_LOG_RESIDUAL,M30,60,60,2.0,0,3.0,7,0.04,0.01,1,3,-870.50,-0.474308,0.652931,431.91,2403.94,2822.90,2835.85,27.1844,1424.5136,91.3709,2.9392,0.0254,53,3222,992.4892,-64.118379
54,OLS_LOG_RESIDUAL,M15,60,60,3.0,0,1.5,7,0.02,0.01,1,3,1747.63,1.417714,1.307210,1765.08,178.38,1136.09,1160.85,10.3528,1127.9011,43.1492,1.2067,0.0213,93,5679,30.1889,153.210182
23,OLS_LOG_RESIDUAL,M30,60,60,3.0,0,2.0,7,0.00,0.01,1,3,143.48,0.407297,1.117493,288.45,225.23,313.27,332.05,3.2854,1541.8217,125.5829,2.9392,0.0254,35,3222,1541.8217,0.212797
116,OLS_LOG_RESIDUAL,M15,60,60,2.5,0,3.0,7,0.04,0.01,1,3,368.16,0.937440,1.293837,645.72,167.98,365.38,370.01,3.4757,2952.2183,171.2000,1.2067,0.0213,31,5679,1990.9997,1.218330
87,OLS_LOG_RESIDUAL,M30,60,60,3.0,0,1.0,7,0.04,0.01,1,3,1477.44,0.305951,1.188319,1802.99,3870.89,4403.80,4881.72,44.3356,1990.9997,71.0542,2.9392,0.0254,53,3222,1990.9997,0.264045
55,OLS_LOG_RESIDUAL,M30,60,60,3.0,0,1.5,7,0.02,0.01,1,3,396.06,0.437149,1.140933,520.86,757.94,959.97,986.99,9.6489,1528.1056,100.9124,2.9392,0.0254,41,3222,1528.1056,0.432148
24,OLS_LOG_RESIDUAL,M15,60,60,1.5,0,2.5,7,0.00,0.01,1,3,143.17,0.209415,1.067107,300.50,730.63,733.21,735.32,7.3498,3026.6561,59.9913,1.2067,0.0213,87,5679,1542.5550,0.021120
117,OLS_LOG_RESIDUAL,M30,60,60,2.5,0,3.0,7,0.04,0.01,1,3,-855.58,-0.480493,0.586321,296.25,2389.02,2662.82,2685.27,26.0801,1424.4642,116.2420,2.9392,0.0254,41,3222,992.3572,-61.264078
88,OLS_LOG_RESIDUAL,M15,60,60,1.5,0,1.5,7,0.04,0.01,1,3,-494.28,-0.047938,0.960917,426.48,6811.94,6814.52,6816.63,68.1343,3079.4886,80.5275,1.2067,0.0213,66,5679,1542.5550,-141.222345
25,OLS_LOG_RESIDUAL,M30,60,60,1.5,0,2.5,7,0.00,0.01,1,3,434.86,1.408671,1.259889,476.03,92.80,241.25,252.18,2.4420,1424.5825,77.2894,2.9392,0.0254,67,3222,195.9225,46.447312
56,OLS_LOG_RESIDUAL,M15,60,60,1.5,0,2.0,7,0.02,0.01,1,3,-300.20,-0.134283,0.938874,326.65,2203.80,2206.38,2208.49,22.0745,3079.4886,70.3319,1.2067,0.0213,75,5679,1542.5550,-47.140347
118,OLS_LOG_RESIDUAL,M15,60,60,3.0,0,3.0,7,0.04,0.01,1,3,1110.92,1.574886,1.333970,1128.37,81.77,749.74,770.90,7.0792,1128.1164,46.9487,1.2067,0.0213,88,5679,30.1889,151.738570
89,OLS_LOG_RESIDUAL,M30,60,60,1.5,0,1.5,7,0.04,0.01,1,3,1007.59,0.819655,1.173497,1158.28,352.49,1092.40,1129.01,10.4766,1424.5825,58.8713,2.9392,0.0254,85,3222,195.9225,19.775981
26,OLS_LOG_RESIDUAL,M15,60,60,2.0,0,2.5,7,0.00,0.01,1,3,205.83,0.548621,1.119804,349.04,325.67,369.07,375.54,3.7368,1541.6619,58.9015,1.2067,0.0213,87,5679,1541.6619,0.395076
57,OLS_LOG_RESIDUAL,M30,60,60,1.5,0,2.0,7,0.02,0.01,1,3,593.25,1.393348,1.264008,634.42,92.80,315.80,319.22,3.0503,1424.5825,73.1820,2.9392,0.0254,70,3222,195.9225,58.350956
119,OLS_LOG_RESIDUAL,M30,60,60,3.0,0,3.0,7,0.04,0.01,1,3,174.92,0.291990,1.124680,319.89,501.81,627.37,653.12,6.4338,1541.8217,147.2268,2.9392,0.0254,31,3222,1541.8217,0.142695
29,OLS_LOG_RESIDUAL,M30,60,60,2.5,0,2.5,7,0.00,0.01,1,3,3.87,0.009637,1.003271,282.53,301.02,581.06,583.55,5.6752,1424.4642,116.3572,2.9392,0.0254,41,3222,992.3572,0.000005
27,OLS_LOG_RESIDUAL,M30,60,60,2.0,0,2.5,7,0.00,0.01,1,3,291.15,0.659853,1.190858,332.33,382.04,593.51,595.89,5.8341,2063.6458,101.3581,2.9392,0.0254,49,3222,195.7589,5.043313
58,OLS_LOG_RESIDUAL,M15,60,60,2.0,0,2.0,7,0.02,0.01,1,3,731.89,0.418891,1.133336,875.53,1373.40,1586.73,1593.20,15.5893,1541.6619,57.8864,1.2067,0.0213,88,5679,1541.6619,0.501837
28,OLS_LOG_RESIDUAL,M15,60,60,2.5,0,2.5,7,0.00,0.01,1,3,402.34,1.007795,1.199206,419.80,319.02,363.77,369.89,3.6802,1424.6708,52.2637,1.2067,0.0213,87,5679,30.2028,23.571691
59,OLS_LOG_RESIDUAL,M30,60,60,2.0,0,2.0,7,0.02,0.01,1,3,440.39,0.511134,1.178597,528.54,901.03,1197.87,1200.14,11.6529,2303.8736,102.2409,2.9392,0.0254,48,3222,195.7589,3.205983
