time,USTEC_close,US2000_close
2026-01-05 00:00:00+00:00,20000.0,2200.39933
2026-01-05 00:01:00+00:00,20001.22968,2200.56117
2026-01-05 00:02:00+00:00,20002.45744,2200.72212
2026-01-05 00:03:00+00:00,20003.68137,2200.88192
2026-01-05 00:04:00+00:00,20004.89955,2201.04032
2026-01-05 00:05:00+00:00,20006.11008,2201.19708
2026-01-05 00:06:00+00:00,20007.31108,2201.35195
2026-01-05 00:07:00+00:00,20008.50067,2201.50468
2026-01-05 00:08:00+00:00,20009.677,2201.65504
2026-01-05 00:09:00+00:00,20010.83823,2201.80279
2026-01-05 00:10:00+00:00,20011.98255,2201.9477
2026-01-05 00:11:00+00:00,20013.10818,2202.08954
2026-01-05 00:12:00+00:00,20014.21338,2202.2281
2026-01-05 00:13:00+00:00,20015.2964,2202.36314
2026-01-05 00:14:00+00:00,20016.35559,2202.49447
2026-01-05 00:15:00+00:00,20017.38927,2202.62187
2026-01-05 00:16:00+00:00,20018.39586,2202.74515
2026-01-05 00:17:00+00:00,20019.37379,2202.86412
2026-01-05 00:18:00+00:00,20020.32154,2202.97858
2026-01-05 00:19:00+00:00,20021.23764,2203.08837
2026-01-05 00:20:00+00:00,20022.12068,2203.19331
2026-01-05 00:21:00+00:00,20022.96929,2203.29323
2026-01-05 00:22:00+00:00,20023.78217,2203.38799
2026-01-05 00:23:00+00:00,20024.55805,2203.47743
2026-01-05 00:24:00+00:00,20025.29575,2203.56142
2026-01-05 00:25:00+00:00,20025.99413,2203.63983
2026-01-05 00:26:00+00:00,20026.65213,2203.71253
2026-01-05 00:27:00+00:00,20027.26873,2203.77942
2026-01-05 00:28:00+00:00,20027.84301,2203.8404
2026-01-05 00:29:00+00:00,20028.37409,2203.89536
2026-01-05 00:30:00+00:00,20028.86117,2203.94423
2026-01-05 00:31:00+00:00,20029.30352,2203.98694
2026-01-05 00:32:00+00:00,20029.70048,2204.02341
2026-01-05 00:33:00+00:00,20030.05145,2204.05361
2026-01-05 00:34:00+00:00,20030.35594,2204.07747
2026-01-05 00:35:00+00:00,20030.61349,2204.09498
2026-01-05 00:36:00+00:00,20030.82375,2204.1061
2026-01-05 00:37:00+00:00,20030.98643,2204.11083
2026-01-05 00:38:00+00:00,20031.1013,2204.10916
2026-01-05 00:39:00+00:00,20031.16825,2204.1011
2026-01-05 00:40:00+00:00,20031.18721,2204.08666
2026-01-05 00:41:00+00:00,20031.15819,2204.06588
2026-01-05 00:42:00+00:00,20031.0813,2204.03879
2026-01-05 00:43:00+00:00,20030.95669,2204.00544
2026-01-05 00:44:00+00:00,20030.78463,2203.96589
2026-01-05 00:45:00+00:00,20030.56543,2203.9202
2026-01-05 00:46:00+00:00,20030.29949,2203.86846
2026-01-05 00:47:00+00:00,20029.98729,2203.81075
2026-01-05 00:48:00+00:00,20029.62936,2203.74717
2026-01-05 00:49:00+00:00,20029.22635,2203.67783
2026-01-05 00:50:00+00:00,20028.77892,2203.60284
2026-01-05 00:51:00+00:00,20028.28786,2203.52232
2026-01-05 00:52:00+00:00,20027.75399,2203.43642
2026-01-05 00:53:00+00:00,20027.17821,2203.34526
2026-01-05 00:54:00+00:00,20026.5615,2203.24901
2026-01-05 00:55:00+00:00,20025.90489,2203.14782
2026-01-05 00:56:00+00:00,20025.20948,2203.04186
2026-01-05 00:57:00+00:00,20024.47642,2202.9313
2026-01-05 00:58:00+00:00,20023.70694,2202.81632
2026-01-05 00:59:00+00:00,20022.90232,2202.69712
2026-01-05 01:00:00+00:00,20022.0639,2202.57389
2026-01-05 01:01:00+00:00,20021.19305,2202.44682
2026-01-05 01:02:00+00:00,20020.29123,2202.31614
2026-01-05 01:03:00+00:00,20019.35992,2202.18205
2026-01-05 01:04:00+00:00,20018.40066,2202.04477
2026-01-05 01:05:00+00:00,20017.41504,2201.90452
2026-01-05 01:06:00+00:00,20016.40468,2201.76154
2026-01-05 01:07:00+00:00,20015.37124,2201.61606
2026-01-05 01:08:00+00:00,20014.31643,2201.46831
2026-01-05 01:09:00+00:00,20013.24197,2201.31854
2026-01-05 01:10:00+00:00,20012.14964,2201.167
2026-01-05 01:11:00+00:00,20011.04124,2201.01392
2026-01-05 01:12:00+00:00,20009.91858,2200.85956
2026-01-05 01:13:00+00:00,20008.78351,2200.70417
2026-01-05 01:14:00+00:00,20007.63789,2200.54801
2026-01-05 01:15:00+00:00,20006.4836,2200.39132
2026-01-05 01:16:00+00:00,20005.32254,2200.23437
2026-01-05 01:17:00+00:00,20004.15661,2200.07741
2026-01-05 01:18:00+00:00,20002.98773,2199.92069
2026-01-05 01:19:00+00:00,20001.81781,2199.76448
2026-01-05 01:20:00+00:00,20000.64878,2199.60902
2026-01-05 01:21:00+00:00,19999.48254,2199.45457
2026-01-05 01:22:00+00:00,19998.32102,2199.30138
2026-01-05 01:23:00+00:00,19997.16613,2199.1497
2026-01-05 01:24:00+00:00,19996.01975,2198.99978
2026-01-05 01:25:00+00:00,19994.88377,2198.85187
2026-01-05 01:26:00+00:00,19993.76005,2198.7062
2026-01-05 01:27:00+00:00,19992.65044,2198.56301
2026-01-05 01:28:00+00:00,19991.55677,2198.42254
2026-01-05 01:29:00+00:00,19990.48083,2198.28501
2026-01-05 01:30:00+00:00,19989.42439,2198.15066
2026-01-05 01:31:00+00:00,19988.38918,2198.01969
2026-01-05 01:32:00+00:00,19987.37692,2197.89233
2026-01-05 01:33:00+00:00,19986.38927,2197.76878
2026-01-05 01:34:00+00:00,19985.42785,2197.64925
2026-01-05 01:35:00+00:00,19984.49426,2197.53394
2026-01-05 01:36:00+00:00,19983.59004,2197.42302
2026-01-05 01:37:00+00:00,19982.71667,2197.31668
2026-01-05 01:38:00+00:00,19981.87561,2197.21511
2026-01-05 01:39:00+00:00,19981.06825,2197.11846
2026-01-05 01:40:00+00:00,19980.29593,2197.02689
2026-01-05 01:41:00+00:00,19979.55992,2196.94056
2026-01-05 01:42:00+00:00,19978.86147,2196.85961
2026-01-05 01:43:00+00:00,19978.20172,2196.78418
2026-01-05 01:44:00+00:00,19977.5818,2196.71438
2026-01-05 01:45:00+00:00,19977.00273,2196.65034
2026-01-05 01:46:00+00:00,19976.46549,2196.59216
2026-01-05 01:47:00+00:00,19975.97098,2196.53994
2026-01-05 01:48:00+00:00,19975.52006,2196.49377
2026-01-05 01:49:00+00:00,19975.11347,2196.45373
2026-01-05 01:50:00+00:00,19974.75194,2196.41988
2026-01-05 01:51:00+00:00,19974.43607,2196.39229
2026-01-05 01:52:00+00:00,19974.16643,2196.371
2026-01-05 01:53:00+00:00,19973.94349,2196.35606
2026-01-05 01:54:00+00:00,19973.76766,2196.34749
2026-01-05 01:55:00+00:00,19973.63927,2196.34531
2026-01-05 01:56:00+00:00,19973.55857,2196.34952
2026-01-05 01:57:00+00:00,19973.52573,2196.36014
2026-01-05 01:58:00+00:00,19973.54087,2196.37714
2026-01-05 01:59:00+00:00,19973.604,2196.4005
2026-01-05 02:00:00+00:00,19973.71506,2196.43019
2026-01-05 02:01:00+00:00,19973.87394,2196.46617
2026-01-05 02:02:00+00:00,19974.08042,2196.50838
2026-01-05 02:03:00+00:00,19974.33422,2196.55676
2026-01-05 02:04:00+00:00,19974.63498,2196.61124
2026-01-05 02:05:00+00:00,19974.98227,2196.67174
2026-01-05 02:06:00+00:00,19975.37559,2196.73816
2026-01-05 02:07:00+00:00,19975.81434,2196.81041
2026-01-05 02:08:00+00:00,19976.29789,2196.88837
2026-01-05 02:09:00+00:00,19976.82549,2196.97192
2026-01-05 02:10:00+00:00,19977.39636,2197.06093
2026-01-05 02:11:00+00:00,19978.00963,2197.15527
2026-01-05 02:12:00+00:00,19978.66437,2197.25479
2026-01-05 02:13:00+00:00,19979.35957,2197.35933
2026-01-05 02:14:00+00:00,19980.09418,2197.46874
2026-01-05 02:15:00+00:00,19980.86707,2197.58284
2026-01-05 02:16:00+00:00,19981.67704,2197.70145
2026-01-05 02:17:00+00:00,19982.52285,2197.8244
2026-01-05 02:18:00+00:00,19983.4032,2197.95148
2026-01-05 02:19:00+00:00,19984.31672,2198.0825
2026-01-05 02:20:00+00:00,19985.262,2198.21726
2026-01-05 02:21:00+00:00,19986.23758,2198.35554
2026-01-05 02:22:00+00:00,19987.24194,2198.49713
2026-01-05 02:23:00+00:00,19988.27353,2198.6418
2026-01-05 02:24:00+00:00,19989.33074,2198.78933
2026-01-05 02:25:00+00:00,19990.41193,2198.93949
2026-01-05 02:26:00+00:00,19991.51542,2199.09205
2026-01-05 02:27:00+00:00,19992.63949,2199.24675
2026-01-05 02:28:00+00:00,19993.78239,2199.40337
2026-01-05 02:29:00+00:00,19994.94234,2199.56165
2026-01-05 02:30:00+00:00,19996.11754,2199.72135
2026-01-05 02:31:00+00:00,19997.30614,2199.88221
2026-01-05 02:32:00+00:00,19998.5063,2200.04399
2026-01-05 02:33:00+00:00,19999.71614,2200.20643
2026-01-05 02:34:00+00:00,20000.93378,2200.36927
2026-01-05 02:35:00+00:00,20002.15732,2200.53226
2026-01-05 02:36:00+00:00,20003.38484,2200.69514
2026-01-05 02:37:00+00:00,20004.61444,2200.85765
2026-01-05 02:38:00+00:00,20005.84419,2201.01955
2026-01-05 02:39:00+00:00,20007.07218,2201.18058
2026-01-05 02:40:00+00:00,20008.29648,2201.34048
2026-01-05 02:41:00+00:00,20009.51518,2201.499
2026-01-05 02:42:00+00:00,20010.7264,2201.6559
2026-01-05 02:43:00+00:00,20011.92822,2201.81093
2026-01-05 02:44:00+00:00,20013.11879,2201.96384
2026-01-05 02:45:00+00:00,20014.29624,2202.1144
2026-01-05 02:46:00+00:00,20015.45874,2202.26237
2026-01-05 02:47:00+00:00,20016.60448,2202.40751
2026-01-05 02:48:00+00:00,20017.73166,2202.54961
2026-01-05 02:49:00+00:00,20018.83854,2202.68843
2026-01-05 02:50:00+00:00,20019.9234,2202.82376
2026-01-05 02:51:00+00:00,20020.98454,2202.95539
2026-01-05 02:52:00+00:00,20022.02032,2203.08311
2026-01-05 02:53:00+00:00,20023.02912,2203.20673
2026-01-05 02:54:00+00:00,20024.00939,2203.32605
2026-01-05 02:55:00+00:00,20024.9596,2203.44088
2026-01-05 02:56:00+00:00,20025.87827,2203.55104
2026-01-05 02:57:00+00:00,20026.764,2203.65637
2026-01-05 02:58:00+00:00,20027.6154,2203.7567
2026-01-05 02:59:00+00:00,20028.43116,2203.85188
2026-01-05 03:00:00+00:00,20029.21004,2203.94175
2026-01-05 03:01:00+00:00,20029.95082,2204.02618
2026-01-05 03:02:00+00:00,20030.65237,2204.10503
2026-01-05 03:03:00+00:00,20031.31362,2204.17819
2026-01-05 03:04:00+00:00,20031.93356,2204.24555
2026-01-05 03:05:00+00:00,20032.51124,2204.307
2026-01-05 03:06:00+00:00,20033.04579,2204.36245
2026-01-05 03:07:00+00:00,20033.5364,2204.4118
2026-01-05 03:08:00+00:00,20033.98234,2204.455
2026-01-05 03:09:00+00:00,20034.38293,2204.49198
2026-01-05 03:10:00+00:00,20034.73759,2204.52267
2026-01-05 03:11:00+00:00,20035.04579,2204.54704
2026-01-05 03:12:00+00:00,20035.3071,2204.56506
2026-01-05 03:13:00+00:00,20035.52114,2204.57669
2026-01-05 03:14:00+00:00,20035.68761,2204.58193
2026-01-05 03:15:00+00:00,20035.8063,2204.58077
2026-01-05 03:16:00+00:00,20035.87707,2204.57321
2026-01-05 03:17:00+00:00,20035.89985,2204.55928
2026-01-05 03:18:00+00:00,20035.87465,2204.539
2026-01-05 03:19:00+00:00,20035.80156,2204.51241
2026-01-05 03:20:00+00:00,20035.68075,2204.47956
2026-01-05 03:21:00+00:00,20035.51245,2204.4405
2026-01-05 03:22:00+00:00,20035.29699,2204.3953
2026-01-05 03:23:00+00:00,20035.03476,2204.34404
2026-01-05 03:24:00+00:00,20034.72622,2204.2868
2026-01-05 03:25:00+00:00,20034.37192,2204.22369
2026-01-05 03:26:00+00:00,20033.97246,2204.1548
2026-01-05 03:27:00+00:00,20033.52855,2204.08025
2026-01-05 03:28:00+00:00,20033.04093,2204.00017
2026-01-05 03:29:00+00:00,20032.51044,2203.91469
2026-01-05 03:30:00+00:00,20031.93797,2203.82395
2026-01-05 03:31:00+00:00,20031.32448,2203.7281
2026-01-05 03:32:00+00:00,20030.67101,2203.62729
2026-01-05 03:33:00+00:00,20029.97864,2203.52171
2026-01-05 03:34:00+00:00,20029.24854,2203.41151
2026-01-05 03:35:00+00:00,20028.48191,2203.29688
2026-01-05 03:36:00+00:00,20027.68004,2203.178
2026-01-05 03:37:00+00:00,20026.84426,2203.05508
2026-01-05 03:38:00+00:00,20025.97594,2202.92832
2026-01-05 03:39:00+00:00,20025.07653,2202.79791
2026-01-05 03:40:00+00:00,20024.14752,2202.66408
2026-01-05 03:41:00+00:00,20023.19043,2202.52705
2026-01-05 03:42:00+00:00,20022.20685,2202.38703
2026-01-05 03:43:00+00:00,20021.19839,2202.24426
2026-01-05 03:44:00+00:00,20020.16673,2202.09897
2026-01-05 03:45:00+00:00,20019.11355,2201.95139
2026-01-05 03:46:00+00:00,20018.0406,2201.80178
2026-01-05 03:47:00+00:00,20016.94963,2201.65036
2026-01-05 03:48:00+00:00,20015.84244,2201.4974
2026-01-05 03:49:00+00:00,20014.72085,2201.34313
2026-01-05 03:50:00+00:00,20013.5867,2201.18782
2026-01-05 03:51:00+00:00,20012.44185,2201.03171
2026-01-05 03:52:00+00:00,20011.28818,2200.87505
2026-01-05 03:53:00+00:00,20010.12759,2200.71811
2026-01-05 03:54:00+00:00,20008.96198,2200.56114
2026-01-05 03:55:00+00:00,20007.79326,2200.4044
2026-01-05 03:56:00+00:00,20006.62336,2200.24813
2026-01-05 03:57:00+00:00,20005.45418,2200.0926
2026-01-05 03:58:00+00:00,20004.28765,2199.93806
2026-01-05 03:59:00+00:00,20003.12569,2199.78476
2026-01-05 04:00:00+00:00,20001.9702,2199.63296
2026-01-05 04:01:00+00:00,20000.82307,2199.48289
2026-01-05 04:02:00+00:00,19999.68619,2199.33481
2026-01-05 04:03:00+00:00,19998.56143,2199.18895
2026-01-05 04:04:00+00:00,19997.45063,2199.04555
2026-01-05 04:05:00+00:00,19996.35563,2198.90486
2026-01-05 04:06:00+00:00,19995.27821,2198.76709
2026-01-05 04:07:00+00:00,19994.22015,2198.63247
2026-01-05 04:08:00+00:00,19993.18319,2198.50123
2026-01-05 04:09:00+00:00,19992.16904,2198.37357
2026-01-05 04:10:00+00:00,19991.17937,2198.24972
2026-01-05 04:11:00+00:00,19990.2158,2198.12986
2026-01-05 04:12:00+00:00,19989.27994,2198.0142
2026-01-05 04:13:00+00:00,19988.37332,2197.90292
2026-01-05 04:14:00+00:00,19987.49744,2197.79622
2026-01-05 04:15:00+00:00,19986.65376,2197.69426
2026-01-05 04:16:00+00:00,19985.84366,2197.59721
2026-01-05 04:17:00+00:00,19985.0685,2197.50523
2026-01-05 04:18:00+00:00,19984.32956,2197.41848
2026-01-05 04:19:00+00:00,19983.62807,2197.3371
2026-01-05 04:20:00+00:00,19982.96521,2197.26122
2026-01-05 04:21:00+00:00,19982.34207,2197.19097
2026-01-05 04:22:00+00:00,19981.75971,2197.12646
2026-01-05 04:23:00+00:00,19981.2191,2197.06781
2026-01-05 04:24:00+00:00,19980.72116,2197.01511
2026-01-05 04:25:00+00:00,19980.26674,2196.96846
2026-01-05 04:26:00+00:00,19979.8566,2196.92793
2026-01-05 04:27:00+00:00,19979.49145,2196.89359
2026-01-05 04:28:00+00:00,19979.17193,2196.86549
2026-01-05 04:29:00+00:00,19978.89859,2196.8437
2026-01-05 04:30:00+00:00,19978.67191,2196.82825
2026-01-05 04:31:00+00:00,19978.49232,2196.81918
2026-01-05 04:32:00+00:00,19978.36014,2196.81649
2026-01-05 04:33:00+00:00,19978.27563,2196.82019
2026-01-05 04:34:00+00:00,19978.23898,2196.8303
2026-01-05 04:35:00+00:00,19978.25029,2196.84679
2026-01-05 04:36:00+00:00,19978.3096,2196.86965
2026-01-05 04:37:00+00:00,19978.41685,2196.89883
2026-01-05 04:38:00+00:00,19978.57193,2196.93431
2026-01-05 04:39:00+00:00,19978.77462,2196.97603
2026-01-05 04:40:00+00:00,19979.02467,2197.02392
2026-01-05 04:41:00+00:00,19979.32171,2197.07792
2026-01-05 04:42:00+00:00,19979.66531,2197.13794
2026-01-05 04:43:00+00:00,19980.05498,2197.2039
2026-01-05 04:44:00+00:00,19980.49014,2197.27568
2026-01-05 04:45:00+00:00,19980.97014,2197.35319
2026-01-05 04:46:00+00:00,19981.49427,2197.4363
2026-01-05 04:47:00+00:00,19982.06172,2197.52488
2026-01-05 04:48:00+00:00,19982.67165,2197.6188
2026-01-05 04:49:00+00:00,19983.32312,2197.71792
2026-01-05 04:50:00+00:00,19984.01514,2197.82207
2026-01-05 04:51:00+00:00,19984.74665,2197.93109
2026-01-05 04:52:00+00:00,19985.51653,2198.04482
2026-01-05 04:53:00+00:00,19986.3236,2198.16309
2026-01-05 04:54:00+00:00,19987.1666,2198.28569
2026-01-05 04:55:00+00:00,19988.04425,2198.41245
2026-01-05 04:56:00+00:00,19988.95518,2198.54317
2026-01-05 04:57:00+00:00,19989.89798,2198.67763
2026-01-05 04:58:00+00:00,19990.87121,2198.81564
2026-01-05 04:59:00+00:00,19991.87333,2198.95697
2026-01-05 05:00:00+00:00,19992.90281,2199.10141
2026-01-05 05:01:00+00:00,19993.95804,2199.24872
2026-01-05 05:02:00+00:00,19995.03739,2199.39868
2026-01-05 05:03:00+00:00,19996.13916,2199.55106
2026-01-05 05:04:00+00:00,19997.26166,2199.7056
2026-01-05 05:05:00+00:00,19998.40312,2199.86207
2026-01-05 05:06:00+00:00,19999.56178,2200.02023
2026-01-05 05:07:00+00:00,20000.73582,2200.17983
2026-01-05 05:08:00+00:00,20001.92343,2200.34061
2026-01-05 05:09:00+00:00,20003.12273,2200.50232
2026-01-05 05:10:00+00:00,20004.33187,2200.66471
2026-01-05 05:11:00+00:00,20005.54896,2200.82753
2026-01-05 05:12:00+00:00,20006.7721,2200.99052
2026-01-05 05:13:00+00:00,20007.99938,2201.15341
2026-01-05 05:14:00+00:00,20009.22888,2201.31597
2026-01-05 05:15:00+00:00,20010.45869,2201.47793
2026-01-05 05:16:00+00:00,20011.68689,2201.63903
2026-01-05 05:17:00+00:00,20012.91155,2201.79903
2026-01-05 05:18:00+00:00,20014.13077,2201.95768
2026-01-05 05:19:00+00:00,20015.34265,2202.11471
2026-01-05 05:20:00+00:00,20016.54529,2202.2699
2026-01-05 05:21:00+00:00,20017.73683,2202.42299
2026-01-05 05:22:00+00:00,20018.91539,2202.57374
2026-01-05 05:23:00+00:00,20020.07915,2202.72192
2026-01-05 05:24:00+00:00,20021.22628,2202.8673
2026-01-05 05:25:00+00:00,20022.35501,2203.00965
2026-01-05 05:26:00+00:00,20023.46357,2203.14874
2026-01-05 05:27:00+00:00,20024.55025,2203.28435
2026-01-05 05:28:00+00:00,20025.61334,2203.41629
2026-01-05 05:29:00+00:00,20026.65119,2203.54433
2026-01-05 05:30:00+00:00,20027.66221,2203.66828
2026-01-05 05:31:00+00:00,20028.6448,2203.78794
2026-01-05 05:32:00+00:00,20029.59746,2203.90314
2026-01-05 05:33:00+00:00,20030.5187,2204.01368
2026-01-05 05:34:00+00:00,20031.40709,2204.1194
2026-01-05 05:35:00+00:00,20032.26128,2204.22014
2026-01-05 05:36:00+00:00,20033.07993,2204.31573
2026-01-05 05:37:00+00:00,20033.86178,2204.40603
2026-01-05 05:38:00+00:00,20034.60564,2204.49089
2026-01-05 05:39:00+00:00,20035.31036,2204.5702
2026-01-05 05:40:00+00:00,20035.97485,2204.64382
2026-01-05 05:41:00+00:00,20036.59812,2204.71164
2026-01-05 05:42:00+00:00,20037.1792,2204.77356
2026-01-05 05:43:00+00:00,20037.71721,2204.82949
2026-01-05 05:44:00+00:00,20038.21135,2204.87934
2026-01-05 05:45:00+00:00,20038.66087,2204.92303
2026-01-05 05:46:00+00:00,20039.0651,2204.9605
2026-01-05 05:47:00+00:00,20039.42343,2204.9917
2026-01-05 05:48:00+00:00,20039.73535,2205.01658
2026-01-05 05:49:00+00:00,20040.00041,2205.0351
2026-01-05 05:50:00+00:00,20040.21822,2205.04724
2026-01-05 05:51:00+00:00,20040.38849,2205.05298
2026-01-05 05:52:00+00:00,20040.51099,2205.05233
2026-01-05 05:53:00+00:00,20040.58558,2205.04529
2026-01-05 05:54:00+00:00,20040.61218,2205.03186
2026-01-05 05:55:00+00:00,20040.5908,2205.01209
2026-01-05 05:56:00+00:00,20040.52152,2204.986
2026-01-05 05:57:00+00:00,20040.4045,2204.95364
2026-01-05 05:58:00+00:00,20040.23998,2204.91507
2026-01-05 05:59:00+00:00,20040.02826,2204.87036
2026-01-05 06:00:00+00:00,20039.76973,2204.81958
2026-01-05 06:01:00+00:00,20039.46486,2204.76282
2026-01-05 06:02:00+00:00,20039.11418,2204.70017
2026-01-05 06:03:00+00:00,20038.7183,2204.63173
2026-01-05 06:04:00+00:00,20038.2779,2204.55763
2026-01-05 06:05:00+00:00,20037.79374,2204.47799
2026-01-05 06:06:00+00:00,20037.26662,2204.39293
2026-01-05 06:07:00+00:00,20036.69746,2204.3026
2026-01-05 06:08:00+00:00,20036.0872,2204.20715
2026-01-05 06:09:00+00:00,20035.43687,2204.10674
2026-01-05 06:10:00+00:00,20034.74756,2204.00153
2026-01-05 06:11:00+00:00,20034.02042,2203.89169
2026-01-05 06:12:00+00:00,20033.25666,2203.7774
2026-01-05 06:13:00+00:00,20032.45755,2203.65886
2026-01-05 06:14:00+00:00,20031.62441,2203.53625
2026-01-05 06:15:00+00:00,20030.75864,2203.40979
2026-01-05 06:16:00+00:00,20029.86165,2203.27966
2026-01-05 06:17:00+00:00,20028.93493,2203.1461
2026-01-05 06:18:00+00:00,20027.98002,2203.00931
2026-01-05 06:19:00+00:00,20026.99849,2202.86952
2026-01-05 06:20:00+00:00,20025.99196,2202.72696
2026-01-05 06:21:00+00:00,20024.96208,2202.58186
2026-01-05 06:22:00+00:00,20023.91056,2202.43446
2026-01-05 06:23:00+00:00,20022.83912,2202.285
2026-01-05 06:24:00+00:00,20021.74952,2202.13372
2026-01-05 06:25:00+00:00,20020.64355,2201.98087
2026-01-05 06:26:00+00:00,20019.52304,2201.8267
2026-01-05 06:27:00+00:00,20018.38982,2201.67146
2026-01-05 06:28:00+00:00,20017.24575,2201.5154
2026-01-05 06:29:00+00:00,20016.09272,2201.35878
2026-01-05 06:30:00+00:00,20014.93261,2201.20185
2026-01-05 06:31:00+00:00,20013.76733,2201.04487
2026-01-05 06:32:00+00:00,20012.59879,2200.8881
2026-01-05 06:33:00+00:00,20011.42891,2200.73179
2026-01-05 06:34:00+00:00,20010.2596,2200.57619
2026-01-05 06:35:00+00:00,20009.09279,2200.42157
2026-01-05 06:36:00+00:00,20007.9304,2200.26816
2026-01-05 06:37:00+00:00,20006.77432,2200.11622
2026-01-05 06:38:00+00:00,20005.62646,2199.96601
2026-01-05 06:39:00+00:00,20004.48869,2199.81776
2026-01-05 06:40:00+00:00,20003.3629,2199.67171
2026-01-05 06:41:00+00:00,20002.25092,2199.52811
2026-01-05 06:42:00+00:00,20001.15459,2199.3872
2026-01-05 06:43:00+00:00,20000.07571,2199.24918
2026-01-05 06:44:00+00:00,19999.01604,2199.11431
2026-01-05 06:45:00+00:00,19997.97734,2198.98279
2026-01-05 06:46:00+00:00,19996.96131,2198.85484
2026-01-05 06:47:00+00:00,19995.96963,2198.73068
2026-01-05 06:48:00+00:00,19995.00393,2198.61049
2026-01-05 06:49:00+00:00,19994.0658,2198.49449
2026-01-05 06:50:00+00:00,19993.1568,2198.38286
2026-01-05 06:51:00+00:00,19992.27842,2198.27578
2026-01-05 06:52:00+00:00,19991.43212,2198.17344
2026-01-05 06:53:00+00:00,19990.6193,2198.07599
2026-01-05 06:54:00+00:00,19989.84131,2197.98361
2026-01-05 06:55:00+00:00,19989.09944,2197.89643
2026-01-05 06:56:00+00:00,19988.39492,2197.81462
2026-01-05 06:57:00+00:00,19987.72894,2197.73829
2026-01-05 06:58:00+00:00,19987.1026,2197.66759
2026-01-05 06:59:00+00:00,19986.51695,2197.60262
2026-01-05 07:00:00+00:00,19985.97299,2197.5435
2026-01-05 07:01:00+00:00,19985.47162,2197.49033
2026-01-05 07:02:00+00:00,19985.0137,2197.44319
2026-01-05 07:03:00+00:00,19984.60001,2197.40217
2026-01-05 07:04:00+00:00,19984.23125,2197.36733
2026-01-05 07:05:00+00:00,19983.90808,2197.33874
2026-01-05 07:06:00+00:00,19983.63104,2197.31645
2026-01-05 07:07:00+00:00,19983.40063,2197.30049
2026-01-05 07:08:00+00:00,19983.21728,2197.2909
2026-01-05 07:09:00+00:00,19983.08131,2197.2877
2026-01-05 07:10:00+00:00,19982.993,2197.2909
2026-01-05 07:11:00+00:00,19982.95253,2197.3005
2026-01-05 07:12:00+00:00,19982.96002,2197.31648
2026-01-05 07:13:00+00:00,19983.01551,2197.33883
2026-01-05 07:14:00+00:00,19983.11895,2197.36752
2026-01-05 07:15:00+00:00,19983.27022,2197.4025
2026-01-05 07:16:00+00:00,19983.46913,2197.44372
2026-01-05 07:17:00+00:00,19983.71542,2197.49112
2026-01-05 07:18:00+00:00,19984.00873,2197.54464
2026-01-05 07:19:00+00:00,19984.34864,2197.60418
2026-01-05 07:20:00+00:00,19984.73467,2197.66967
2026-01-05 07:21:00+00:00,19985.16623,2197.741
2026-01-05 07:22:00+00:00,19985.64268,2197.81805
2026-01-05 07:23:00+00:00,19986.16332,2197.90072
2026-01-05 07:24:00+00:00,19986.72736,2197.98887
2026-01-05 07:25:00+00:00,19987.33393,2198.08237
2026-01-05 07:26:00+00:00,19987.98213,2198.18108
2026-01-05 07:27:00+00:00,19988.67096,2198.28483
2026-01-05 07:28:00+00:00,19989.39937,2198.39347
2026-01-05 07:29:00+00:00,19990.16624,2198.50684
2026-01-05 07:30:00+00:00,19990.97038,2198.62474
2026-01-05 07:31:00+00:00,19991.81057,2198.74701
2026-01-05 07:32:00+00:00,19992.68551,2198.87345
2026-01-05 07:33:00+00:00,19993.59384,2199.00386
2026-01-05 07:34:00+00:00,19994.53416,2199.13803
2026-01-05 07:35:00+00:00,19995.50502,2199.27577
2026-01-05 07:36:00+00:00,19996.5049,2199.41684
2026-01-05 07:37:00+00:00,19997.53226,2199.56104
2026-01-05 07:38:00+00:00,19998.5855,2199.70813
2026-01-05 07:39:00+00:00,19999.66298,2199.85789
2026-01-05 07:40:00+00:00,20000.76303,2200.01008
2026-01-05 07:41:00+00:00,20001.88394,2200.16446
2026-01-05 07:42:00+00:00,20003.02396,2200.32079
2026-01-05 07:43:00+00:00,20004.18131,2200.47882
2026-01-05 07:44:00+00:00,20005.3542,2200.63831
2026-01-05 07:45:00+00:00,20006.54079,2200.799
2026-01-05 07:46:00+00:00,20007.73923,2200.96065
2026-01-05 07:47:00+00:00,20008.94766,2201.123
2026-01-05 07:48:00+00:00,20010.16419,2201.28579
2026-01-05 07:49:00+00:00,20011.38691,2201.44878
2026-01-05 07:50:00+00:00,20012.61393,2201.61169
2026-01-05 07:51:00+00:00,20013.84333,2201.77428
2026-01-05 07:52:00+00:00,20015.07318,2201.9363
2026-01-05 07:53:00+00:00,20016.30157,2202.09748
2026-01-05 07:54:00+00:00,20017.52659,2202.25758
2026-01-05 07:55:00+00:00,20018.74632,2202.41634
2026-01-05 07:56:00+00:00,20019.95885,2202.57351
2026-01-05 07:57:00+00:00,20021.1623,2202.72885
2026-01-05 07:58:00+00:00,20022.35478,2202.88212
2026-01-05 07:59:00+00:00,20023.53445,2203.03307
2026-01-05 08:00:00+00:00,20024.69945,2203.18146
2026-01-05 08:01:00+00:00,20025.84797,2203.32707
2026-01-05 08:02:00+00:00,20026.97823,2203.46967
2026-01-05 08:03:00+00:00,20028.08847,2203.60902
2026-01-05 08:04:00+00:00,20029.17694,2203.74493
2026-01-05 08:05:00+00:00,20030.24197,2203.87716
2026-01-05 08:06:00+00:00,20031.2819,2204.00552
2026-01-05 08:07:00+00:00,20032.29511,2204.1298
2026-01-05 08:08:00+00:00,20033.28002,2204.24982
2026-01-05 08:09:00+00:00,20034.23511,2204.36537
2026-01-05 08:10:00+00:00,20035.15891,2204.47629
2026-01-05 08:11:00+00:00,20036.04997,2204.5824
2026-01-05 08:12:00+00:00,20036.90693,2204.68354
2026-01-05 08:13:00+00:00,20037.72846,2204.77955
2026-01-05 08:14:00+00:00,20038.51329,2204.87027
2026-01-05 08:15:00+00:00,20039.26021,2204.95558
2026-01-05 08:16:00+00:00,20039.96809,2205.03533
2026-01-05 08:17:00+00:00,20040.63583,2205.10941
2026-01-05 08:18:00+00:00,20041.26241,2205.1777
2026-01-05 08:19:00+00:00,20041.84688,2205.24009
2026-01-05 08:20:00+00:00,20042.38836,2205.2965
2026-01-05 08:21:00+00:00,20044.98686,2205.34683
2026-01-05 08:22:00+00:00,20047.54079,2205.39102
2026-01-05 08:23:00+00:00,20050.04949,2205.42899
2026-01-05 08:24:00+00:00,20052.51234,2205.46068
2026-01-05 08:25:00+00:00,20054.92882,2205.48607
2026-01-05 08:26:00+00:00,20057.29846,2205.50509
2026-01-05 08:27:00+00:00,20059.62089,2205.51774
2026-01-05 08:28:00+00:00,20061.89579,2205.524
2026-01-05 08:29:00+00:00,20064.12294,2205.52386
2026-01-05 08:30:00+00:00,20066.30219,2205.51732
2026-01-05 08:31:00+00:00,20068.43345,2205.5044
2026-01-05 08:32:00+00:00,20070.51673,2205.48513
2026-01-05 08:33:00+00:00,20072.5521,2205.45955
2026-01-05 08:34:00+00:00,20074.53972,2205.42769
2026-01-05 08:35:00+00:00,20076.47981,2205.38961
2026-01-05 08:36:00+00:00,20078.37267,2205.34538
2026-01-05 08:37:00+00:00,20080.2187,2205.29508
2026-01-05 08:38:00+00:00,20082.01834,2205.23879
2026-01-05 08:39:00+00:00,20083.77213,2205.17661
2026-01-05 08:40:00+00:00,20085.48066,2205.10863
2026-01-05 08:41:00+00:00,20087.14462,2205.03498
2026-01-05 08:42:00+00:00,20088.76475,2204.95577
2026-01-05 08:43:00+00:00,20090.34187,2204.87114
2026-01-05 08:44:00+00:00,20091.87686,2204.78122
2026-01-05 08:45:00+00:00,20093.37068,2204.68618
2026-01-05 08:46:00+00:00,20094.82434,2204.58615
2026-01-05 08:47:00+00:00,20096.23893,2204.48131
2026-01-05 08:48:00+00:00,20097.6156,2204.37184
2026-01-05 08:49:00+00:00,20098.95555,2204.2579
2026-01-05 08:50:00+00:00,20100.26005,2204.13969
2026-01-05 08:51:00+00:00,20101.53041,2204.0174
2026-01-05 08:52:00+00:00,20102.76802,2203.89123
2026-01-05 08:53:00+00:00,20103.97431,2203.76139
2026-01-05 08:54:00+00:00,20105.15074,2203.6281
2026-01-05 08:55:00+00:00,20106.29886,2203.49156
2026-01-05 08:56:00+00:00,20107.42023,2203.352
2026-01-05 08:57:00+00:00,20108.51647,2203.20965
2026-01-05 08:58:00+00:00,20109.58923,2203.06474
2026-01-05 08:59:00+00:00,20110.64021,2202.91752
2026-01-05 09:00:00+00:00,20111.67113,2202.76821
2026-01-05 09:01:00+00:00,20112.68375,2202.61707
2026-01-05 09:02:00+00:00,20113.67986,2202.46433
2026-01-05 09:03:00+00:00,20114.66128,2202.31026
2026-01-05 09:04:00+00:00,20115.62985,2202.15509
2026-01-05 09:05:00+00:00,20116.58742,2201.99909
2026-01-05 09:06:00+00:00,20117.53587,2201.84251
2026-01-05 09:07:00+00:00,20118.47709,2201.68559
2026-01-05 09:08:00+00:00,20119.41299,2201.52861
2026-01-05 09:09:00+00:00,20120.34548,2201.37181
2026-01-05 09:10:00+00:00,20121.27648,2201.21545
2026-01-05 09:11:00+00:00,20122.2079,2201.05979
2026-01-05 09:12:00+00:00,20123.14166,2200.90508
2026-01-05 09:13:00+00:00,20124.07968,2200.75156
2026-01-05 09:14:00+00:00,20125.02387,2200.5995
2026-01-05 09:15:00+00:00,20125.97613,2200.44914
2026-01-05 09:16:00+00:00,20126.93833,2200.30073
2026-01-05 09:17:00+00:00,20127.91236,2200.1545
2026-01-05 09:18:00+00:00,20128.90005,2200.01069
2026-01-05 09:19:00+00:00,20129.90325,2199.86955
2026-01-05 09:20:00+00:00,20130.92375,2199.7313
2026-01-05 09:21:00+00:00,20131.96333,2199.59617
2026-01-05 09:22:00+00:00,20133.02374,2199.46437
2026-01-05 09:23:00+00:00,20134.10668,2199.33613
2026-01-05 09:24:00+00:00,20135.21384,2199.21166
2026-01-05 09:25:00+00:00,20136.34685,2199.09115
2026-01-05 09:26:00+00:00,20137.50731,2198.97481
2026-01-05 09:27:00+00:00,20138.69677,2198.86282
2026-01-05 09:28:00+00:00,20139.91674,2198.75538
2026-01-05 09:29:00+00:00,20141.16868,2198.65265
2026-01-05 09:30:00+00:00,20142.45398,2198.55481
2026-01-05 09:31:00+00:00,20143.77401,2198.46201
2026-01-05 09:32:00+00:00,20145.13005,2198.37442
2026-01-05 09:33:00+00:00,20146.52336,2198.29217
2026-01-05 09:34:00+00:00,20147.95511,2198.21541
2026-01-05 09:35:00+00:00,20149.42641,2198.14425
2026-01-05 09:36:00+00:00,20150.93833,2198.07882
2026-01-05 09:37:00+00:00,20152.49185,2198.01923
2026-01-05 09:38:00+00:00,20154.0879,2197.96558
2026-01-05 09:39:00+00:00,20155.72733,2197.91796
2026-01-05 09:40:00+00:00,20157.41093,2197.87645
2026-01-05 09:41:00+00:00,20159.13941,2197.84112
2026-01-05 09:42:00+00:00,20160.91342,2197.81203
2026-01-05 09:43:00+00:00,20162.73353,2197.78923
2026-01-05 09:44:00+00:00,20164.60024,2197.77277
2026-01-05 09:45:00+00:00,20166.51396,2197.76267
2026-01-05 09:46:00+00:00,20168.47505,2197.75896
2026-01-05 09:47:00+00:00,20170.48378,2197.76165
2026-01-05 09:48:00+00:00,20172.54034,2197.77074
2026-01-05 09:49:00+00:00,20174.64485,2197.78621
2026-01-05 09:50:00+00:00,20176.79735,2197.80806
2026-01-05 09:51:00+00:00,20178.99781,2197.83624
2026-01-05 09:52:00+00:00,20181.24612,2197.87072
2026-01-05 09:53:00+00:00,20183.54209,2197.91145
2026-01-05 09:54:00+00:00,20185.88546,2197.95836
2026-01-05 09:55:00+00:00,20188.27588,2198.01139
2026-01-05 09:56:00+00:00,20190.71294,2198.07046
2026-01-05 09:57:00+00:00,20193.19615,2198.13548
2026-01-05 09:58:00+00:00,20195.72495,2198.20634
2026-01-05 09:59:00+00:00,20198.29869,2198.28295
2026-01-05 10:00:00+00:00,20200.91668,2198.36517
2026-01-05 10:01:00+00:00,20203.57813,2198.45289
2026-01-05 10:02:00+00:00,20206.2822,2198.54597
2026-01-05 10:03:00+00:00,20209.02796,2198.64427
2026-01-05 10:04:00+00:00,20211.81443,2198.74763
2026-01-05 10:05:00+00:00,20214.64056,2198.85589
2026-01-05 10:06:00+00:00,20217.50525,2198.96888
2026-01-05 10:07:00+00:00,20220.40731,2199.08643
2026-01-05 10:08:00+00:00,20223.34552,2199.20836
2026-01-05 10:09:00+00:00,20226.31858,2199.33447
2026-01-05 10:10:00+00:00,20229.32514,2199.46457
2026-01-05 10:11:00+00:00,20232.36381,2199.59845
2026-01-05 10:12:00+00:00,20235.43313,2199.73591
2026-01-05 10:13:00+00:00,20238.53159,2199.87673
2026-01-05 10:14:00+00:00,20241.65766,2200.02069
2026-01-05 10:15:00+00:00,20244.80974,2200.16756
2026-01-05 10:16:00+00:00,20247.9862,2200.31711
2026-01-05 10:17:00+00:00,20251.18535,2200.46911
2026-01-05 10:18:00+00:00,20254.4055,2200.62333
2026-01-05 10:19:00+00:00,20257.64491,2200.77951
2026-01-05 10:20:00+00:00,20258.80095,2200.93742
2026-01-05 10:21:00+00:00,20258.40034,2201.0968
2026-01-05 10:22:00+00:00,20258.01357,2201.25741
2026-01-05 10:23:00+00:00,20257.63882,2201.41899
2026-01-05 10:24:00+00:00,20257.27419,2201.58129
2026-01-05 10:25:00+00:00,20256.91781,2201.74406
2026-01-05 10:26:00+00:00,20256.56779,2201.90703
2026-01-05 10:27:00+00:00,20256.22221,2202.06996
2026-01-05 10:28:00+00:00,20255.87916,2202.23259
2026-01-05 10:29:00+00:00,20255.53672,2202.39466
2026-01-05 10:30:00+00:00,20255.19297,2202.55592
2026-01-05 10:31:00+00:00,20254.846,2202.71611
2026-01-05 10:32:00+00:00,20254.49389,2202.87499
2026-01-05 10:33:00+00:00,20254.13474,2203.0323
2026-01-05 10:34:00+00:00,20253.76665,2203.18779
2026-01-05 10:35:00+00:00,20253.38775,2203.34123
2026-01-05 10:36:00+00:00,20252.99618,2203.49238
2026-01-05 10:37:00+00:00,20252.59008,2203.64098
2026-01-05 10:38:00+00:00,20252.16766,2203.78682
2026-01-05 10:39:00+00:00,20251.72711,2203.92967
2026-01-05 10:40:00+00:00,20251.26668,2204.06929
2026-01-05 10:41:00+00:00,20250.78462,2204.20547
2026-01-05 10:42:00+00:00,20250.27925,2204.33801
2026-01-05 10:43:00+00:00,20249.74891,2204.46668
2026-01-05 10:44:00+00:00,20249.19198,2204.5913
2026-01-05 10:45:00+00:00,20248.60687,2204.71166
2026-01-05 10:46:00+00:00,20247.99207,2204.82758
2026-01-05 10:47:00+00:00,20247.34608,2204.93887
2026-01-05 10:48:00+00:00,20246.66748,2205.04537
2026-01-05 10:49:00+00:00,20245.95487,2205.14691
2026-01-05 10:50:00+00:00,20245.20694,2205.24333
2026-01-05 10:51:00+00:00,20244.42241,2205.33448
2026-01-05 10:52:00+00:00,20243.60007,2205.42022
2026-01-05 10:53:00+00:00,20242.73877,2205.50042
2026-01-05 10:54:00+00:00,20241.83742,2205.57496
2026-01-05 10:55:00+00:00,20240.89499,2205.64371
2026-01-05 10:56:00+00:00,20239.91052,2205.70658
2026-01-05 10:57:00+00:00,20238.88312,2205.76347
2026-01-05 10:58:00+00:00,20237.81197,2205.81429
2026-01-05 10:59:00+00:00,20236.69632,2205.85896
2026-01-05 11:00:00+00:00,20235.53547,2205.89743
2026-01-05 11:01:00+00:00,20234.32883,2205.92963
2026-01-05 11:02:00+00:00,20233.07584,2205.95552
2026-01-05 11:03:00+00:00,20231.77606,2205.97505
2026-01-05 11:04:00+00:00,20230.42909,2205.98821
2026-01-05 11:05:00+00:00,20229.03463,2205.99497
2026-01-05 11:06:00+00:00,20227.59242,2205.99534
2026-01-05 11:07:00+00:00,20226.10232,2205.98931
2026-01-05 11:08:00+00:00,20224.56424,2205.9769
2026-01-05 11:09:00+00:00,20222.97817,2205.95814
2026-01-05 11:10:00+00:00,20221.34418,2205.93305
2026-01-05 11:11:00+00:00,20219.66242,2205.90169
2026-01-05 11:12:00+00:00,20217.93312,2205.86411
2026-01-05 11:13:00+00:00,20216.15657,2205.82037
2026-01-05 11:14:00+00:00,20214.33314,2205.77055
2026-01-05 11:15:00+00:00,20212.46329,2205.71473
2026-01-05 11:16:00+00:00,20210.54754,2205.65301
2026-01-05 11:17:00+00:00,20208.58649,2205.58549
2026-01-05 11:18:00+00:00,20206.5808,2205.51229
2026-01-05 11:19:00+00:00,20204.53123,2205.43352
2026-01-05 11:20:00+00:00,20202.43857,2205.34931
2026-01-05 11:21:00+00:00,20200.30371,2205.25981
2026-01-05 11:22:00+00:00,20198.12761,2205.16517
2026-01-05 11:23:00+00:00,20195.91126,2205.06553
2026-01-05 11:24:00+00:00,20193.65576,2204.96107
2026-01-05 11:25:00+00:00,20191.36223,2204.85196
2026-01-05 11:26:00+00:00,20189.03189,2204.73837
2026-01-05 11:27:00+00:00,20186.666,2204.62049
2026-01-05 11:28:00+00:00,20184.26586,2204.49852
2026-01-05 11:29:00+00:00,20181.83286,2204.37266
2026-01-05 11:30:00+00:00,20179.36842,2204.2431
2026-01-05 11:31:00+00:00,20176.87401,2204.11007
2026-01-05 11:32:00+00:00,20174.35116,2203.97378
2026-01-05 11:33:00+00:00,20171.80144,2203.83446
2026-01-05 11:34:00+00:00,20169.22645,2203.69232
2026-01-05 11:35:00+00:00,20166.62785,2203.54761
2026-01-05 11:36:00+00:00,20164.00733,2203.40056
2026-01-05 11:37:00+00:00,20161.36662,2203.25141
2026-01-05 11:38:00+00:00,20158.70746,2203.1004
2026-01-05 11:39:00+00:00,20156.03166,2202.94779
2026-01-05 11:40:00+00:00,20153.34101,2202.79381
2026-01-05 11:41:00+00:00,20150.63736,2202.63872
2026-01-05 11:42:00+00:00,20147.92257,2202.48278
2026-01-05 11:43:00+00:00,20145.19851,2202.32623
2026-01-05 11:44:00+00:00,20142.46708,2202.16933
2026-01-05 11:45:00+00:00,20139.73016,2202.01235
2026-01-05 11:46:00+00:00,20136.98969,2201.85552
2026-01-05 11:47:00+00:00,20134.24756,2201.69912
2026-01-05 11:48:00+00:00,20131.50571,2201.54339
2026-01-05 11:49:00+00:00,20128.76605,2201.3886
2026-01-05 11:50:00+00:00,20126.0305,2201.23498
2026-01-05 11:51:00+00:00,20123.30096,2201.08279
2026-01-05 11:52:00+00:00,20120.57933,2200.93229
2026-01-05 11:53:00+00:00,20117.86751,2200.78371
2026-01-05 11:54:00+00:00,20115.16736,2200.63729
2026-01-05 11:55:00+00:00,20112.48073,2200.49329
2026-01-05 11:56:00+00:00,20109.80946,2200.35193
2026-01-05 11:57:00+00:00,20107.15535,2200.21344
2026-01-05 11:58:00+00:00,20104.52018,2200.07805
2026-01-05 11:59:00+00:00,20101.9057,2199.94598
2026-01-05 12:00:00+00:00,20099.31362,2199.81745
2026-01-05 12:01:00+00:00,20096.74562,2199.69267
2026-01-05 12:02:00+00:00,20094.20335,2199.57184
2026-01-05 12:03:00+00:00,20091.6884,2199.45515
2026-01-05 12:04:00+00:00,20089.20233,2199.34282
2026-01-05 12:05:00+00:00,20086.74664,2199.235
2026-01-05 12:06:00+00:00,20084.32281,2199.13189
2026-01-05 12:07:00+00:00,20081.93224,2199.03365
2026-01-05 12:08:00+00:00,20079.57629,2198.94045
2026-01-05 12:09:00+00:00,20077.25625,2198.85244
2026-01-05 12:10:00+00:00,20074.97338,2198.76976
2026-01-05 12:11:00+00:00,20072.72886,2198.69255
2026-01-05 12:12:00+00:00,20070.5238,2198.62095
2026-01-05 12:13:00+00:00,20068.35928,2198.55506
2026-01-05 12:14:00+00:00,20066.23629,2198.495
2026-01-05 12:15:00+00:00,20064.15575,2198.44087
2026-01-05 12:16:00+00:00,20062.11853,2198.39277
2026-01-05 12:17:00+00:00,20060.12542,2198.35077
2026-01-05 12:18:00+00:00,20058.17713,2198.31494
2026-01-05 12:19:00+00:00,20056.27433,2198.28535
2026-01-05 12:20:00+00:00,20054.41758,2198.26205
2026-01-05 12:21:00+00:00,20052.60739,2198.24508
2026-01-05 12:22:00+00:00,20050.84419,2198.23448
2026-01-05 12:23:00+00:00,20049.12833,2198.23026
2026-01-05 12:24:00+00:00,20047.46009,2198.23244
2026-01-05 12:25:00+00:00,20045.83967,2198.24102
2026-01-05 12:26:00+00:00,20044.26719,2198.25599
2026-01-05 12:27:00+00:00,20042.7427,2198.27732
2026-01-05 12:28:00+00:00,20041.26618,2198.305
2026-01-05 12:29:00+00:00,20039.83752,2198.33898
2026-01-05 12:30:00+00:00,20038.45654,2198.37922
2026-01-05 12:31:00+00:00,20037.12297,2198.42564
2026-01-05 12:32:00+00:00,20035.83649,2198.47819
2026-01-05 12:33:00+00:00,20034.59669,2198.53678
2026-01-05 12:34:00+00:00,20033.40307,2198.60132
2026-01-05 12:35:00+00:00,20032.2551,2198.67173
2026-01-05 12:36:00+00:00,20031.15212,2198.74788
2026-01-05 12:37:00+00:00,20030.09345,2198.82966
2026-01-05 12:38:00+00:00,20029.0783,2198.91695
2026-01-05 12:39:00+00:00,20028.10584,2199.00961
2026-01-05 12:40:00+00:00,20027.17514,2199.10749
2026-01-05 12:41:00+00:00,20026.28524,2199.21045
2026-01-05 12:42:00+00:00,20025.43509,2199.31833
2026-01-05 12:43:00+00:00,20024.62358,2199.43095
2026-01-05 12:44:00+00:00,20023.84955,2199.54815
2026-01-05 12:45:00+00:00,20023.11176,2199.66973
2026-01-05 12:46:00+00:00,20022.40892,2199.79552
2026-01-05 12:47:00+00:00,20021.7397,2199.92531
2026-01-05 12:48:00+00:00,20021.10269,2200.0589
2026-01-05 12:49:00+00:00,20020.49646,2200.19608
2026-01-05 12:50:00+00:00,20019.91949,2200.33664
2026-01-05 12:51:00+00:00,20019.37025,2200.48035
2026-01-05 12:52:00+00:00,20018.84715,2200.627
2026-01-05 12:53:00+00:00,20018.34856,2200.77635
2026-01-05 12:54:00+00:00,20017.8728,2200.92816
2026-01-05 12:55:00+00:00,20017.41818,2201.08221
2026-01-05 12:56:00+00:00,20016.98295,2201.23825
2026-01-05 12:57:00+00:00,20016.56533,2201.39602
2026-01-05 12:58:00+00:00,20016.16354,2201.5553
2026-01-05 12:59:00+00:00,20015.77574,2201.71582
2026-01-05 13:00:00+00:00,20016.97242,2201.87733
2026-01-05 13:01:00+00:00,20018.17939,2202.03959
2026-01-05 13:02:00+00:00,20019.39475,2202.20232
2026-01-05 13:03:00+00:00,20020.61662,2202.36529
2026-01-05 13:04:00+00:00,20021.84308,2202.52824
2026-01-05 13:05:00+00:00,20023.07222,2202.6909
2026-01-05 13:06:00+00:00,20024.30213,2202.85302
2026-01-05 13:07:00+00:00,20025.53089,2203.01435
2026-01-05 13:08:00+00:00,20026.75657,2203.17464
2026-01-05 13:09:00+00:00,20027.97727,2203.33363
2026-01-05 13:10:00+00:00,20029.19107,2203.49107
2026-01-05 13:11:00+00:00,20030.39609,2203.64672
2026-01-05 13:12:00+00:00,20031.59045,2203.80033
2026-01-05 13:13:00+00:00,20032.77228,2203.95167
2026-01-05 13:14:00+00:00,20033.93974,2204.10049
2026-01-05 13:15:00+00:00,20035.09101,2204.24655
2026-01-05 13:16:00+00:00,20036.22429,2204.38964
2026-01-05 13:17:00+00:00,20037.33783,2204.52953
2026-01-05 13:18:00+00:00,20038.42989,2204.666
2026-01-05 13:19:00+00:00,20039.49877,2204.79883
2026-01-05 13:20:00+00:00,20040.5428,2204.92782
2026-01-05 13:21:00+00:00,20041.56037,2205.05277
2026-01-05 13:22:00+00:00,20042.54989,2205.17347
2026-01-05 13:23:00+00:00,20043.50984,2205.28975
2026-01-05 13:24:00+00:00,20044.43871,2205.40142
2026-01-05 13:25:00+00:00,20045.33508,2205.50831
2026-01-05 13:26:00+00:00,20046.19756,2205.61025
2026-01-05 13:27:00+00:00,20047.02482,2205.70708
2026-01-05 13:28:00+00:00,20047.81558,2205.79866
2026-01-05 13:29:00+00:00,20048.56862,2205.88484
2026-01-05 13:30:00+00:00,20049.28278,2205.96548
2026-01-05 13:31:00+00:00,20049.95699,2206.04047
2026-01-05 13:32:00+00:00,20050.59019,2206.10969
2026-01-05 13:33:00+00:00,20051.18143,2206.17303
2026-01-05 13:34:00+00:00,20051.72981,2206.2304
2026-01-05 13:35:00+00:00,20052.2345,2206.2817
2026-01-05 13:36:00+00:00,20052.69474,2206.32687
2026-01-05 13:37:00+00:00,20053.10985,2206.36584
2026-01-05 13:38:00+00:00,20053.4792,2206.39854
2026-01-05 13:39:00+00:00,20053.80225,2206.42493
2026-01-05 13:40:00+00:00,20054.07854,2206.44497
2026-01-05 13:41:00+00:00,20054.30766,2206.45863
2026-01-05 13:42:00+00:00,20054.48932,2206.46591
2026-01-05 13:43:00+00:00,20054.62325,2206.46679
2026-01-05 13:44:00+00:00,20054.70929,2206.46127
2026-01-05 13:45:00+00:00,20054.74736,2206.44936
2026-01-05 13:46:00+00:00,20054.73743,2206.4311
2026-01-05 13:47:00+00:00,20054.67959,2206.40652
2026-01-05 13:48:00+00:00,20054.57395,2206.37566
2026-01-05 13:49:00+00:00,20054.42075,2206.33857
2026-01-05 13:50:00+00:00,20054.22028,2206.29531
2026-01-05 13:51:00+00:00,20053.97289,2206.24598
2026-01-05 13:52:00+00:00,20053.67905,2206.19063
2026-01-05 13:53:00+00:00,20053.33926,2206.12938
2026-01-05 13:54:00+00:00,20052.95412,2206.06232
2026-01-05 13:55:00+00:00,20052.52429,2205.98956
2026-01-05 13:56:00+00:00,20052.0505,2205.91123
2026-01-05 13:57:00+00:00,20051.53357,2205.82745
2026-01-05 13:58:00+00:00,20050.97437,2205.73837
2026-01-05 13:59:00+00:00,20050.37384,2205.64413
2026-01-05 14:00:00+00:00,20049.73299,2205.54489
2026-01-05 14:01:00+00:00,20049.05289,2205.4408
2026-01-05 14:02:00+00:00,20048.33468,2205.33205
2026-01-05 14:03:00+00:00,20047.57955,2205.21882
2026-01-05 14:04:00+00:00,20046.78876,2205.10127
2026-01-05 14:05:00+00:00,20045.96363,2204.97962
2026-01-05 14:06:00+00:00,20045.10553,2204.85406
2026-01-05 14:07:00+00:00,20044.21586,2204.72479
2026-01-05 14:08:00+00:00,20043.29611,2204.59203
2026-01-05 14:09:00+00:00,20042.3478,2204.45599
2026-01-05 14:10:00+00:00,20041.37248,2204.3169
2026-01-05 14:11:00+00:00,20040.37177,2204.17498
2026-01-05 14:12:00+00:00,20039.34732,2204.03046
2026-01-05 14:13:00+00:00,20038.30081,2203.88359
2026-01-05 14:14:00+00:00,20037.23397,2203.7346
2026-01-05 14:15:00+00:00,20036.14854,2203.58373
2026-01-05 14:16:00+00:00,20035.04632,2203.43123
2026-01-05 14:17:00+00:00,20033.92912,2203.27735
2026-01-05 14:18:00+00:00,20032.79877,2203.12234
2026-01-05 14:19:00+00:00,20031.65712,2202.96646
2026-01-05 14:20:00+00:00,20030.50606,2202.80995
2026-01-05 14:21:00+00:00,20029.34747,2202.65307
2026-01-05 14:22:00+00:00,20028.18325,2202.49608
2026-01-05 14:23:00+00:00,20027.01531,2202.33924
2026-01-05 14:24:00+00:00,20025.84558,2202.18279
2026-01-05 14:25:00+00:00,20024.67596,2202.027
2026-01-05 14:26:00+00:00,20023.50838,2201.87212
2026-01-05 14:27:00+00:00,20022.34476,2201.7184
2026-01-05 14:28:00+00:00,20021.18699,2201.56609
2026-01-05 14:29:00+00:00,20020.037,2201.41544
2026-01-05 14:30:00+00:00,20018.89665,2201.2667
2026-01-05 14:31:00+00:00,20017.76783,2201.12011
2026-01-05 14:32:00+00:00,20016.65239,2200.9759
2026-01-05 14:33:00+00:00,20015.55215,2200.83432
2026-01-05 14:34:00+00:00,20014.46894,2200.6956
2026-01-05 14:35:00+00:00,20013.40452,2200.55995
2026-01-05 14:36:00+00:00,20012.36065,2200.42761
2026-01-05 14:37:00+00:00,20011.33905,2200.29879
2026-01-05 14:38:00+00:00,20010.34141,2200.1737
2026-01-05 14:39:00+00:00,20009.36935,2200.05255
2026-01-05 14:40:00+00:00,20008.4245,2199.93553
2026-01-05 14:41:00+00:00,20007.5084,2199.82284
2026-01-05 14:42:00+00:00,20006.62257,2199.71466
2026-01-05 14:43:00+00:00,20005.76847,2199.61116
2026-01-05 14:44:00+00:00,20004.94753,2199.51253
2026-01-05 14:45:00+00:00,20004.1611,2199.41892
2026-01-05 14:46:00+00:00,20003.41049,2199.33049
2026-01-05 14:47:00+00:00,20002.69694,2199.24738
2026-01-05 14:48:00+00:00,20002.02164,2199.16974
2026-01-05 14:49:00+00:00,20001.38574,2199.09768
2026-01-05 14:50:00+00:00,20000.79028,2199.03133
2026-01-05 14:51:00+00:00,20000.23627,2198.97081
2026-01-05 14:52:00+00:00,19999.72464,2198.9162
2026-01-05 14:53:00+00:00,19999.25627,2198.86762
2026-01-05 14:54:00+00:00,19998.83195,2198.82512
2026-01-05 14:55:00+00:00,19998.45239,2198.7888
2026-01-05 14:56:00+00:00,19998.11827,2198.75872
2026-01-05 14:57:00+00:00,19997.83017,2198.73491
2026-01-05 14:58:00+00:00,19997.58858,2198.71744
2026-01-05 14:59:00+00:00,19997.39395,2198.70633
2026-01-05 15:00:00+00:00,19997.24663,2198.7016
2026-01-05 15:01:00+00:00,19994.36211,2198.70327
2026-01-05 15:02:00+00:00,19991.52539,2198.71134
2026-01-05 15:03:00+00:00,19988.73661,2198.7258
2026-01-05 15:04:00+00:00,19985.99582,2198.74663
2026-01-05 15:05:00+00:00,19983.303,2198.77381
2026-01-05 15:06:00+00:00,19980.65805,2198.80729
2026-01-05 15:07:00+00:00,19978.06079,2198.84702
2026-01-05 15:08:00+00:00,19975.51098,2198.89296
2026-01-05 15:09:00+00:00,19973.00828,2198.94502
2026-01-05 15:10:00+00:00,19970.55229,2199.00313
2026-01-05 15:11:00+00:00,19968.14254,2199.06721
2026-01-05 15:12:00+00:00,19965.77847,2199.13715
2026-01-05 15:13:00+00:00,19963.45945,2199.21284
2026-01-05 15:14:00+00:00,19961.18479,2199.29418
2026-01-05 15:15:00+00:00,19958.95372,2199.38104
2026-01-05 15:16:00+00:00,19956.76541,2199.47327
2026-01-05 15:17:00+00:00,19954.61894,2199.57075
2026-01-05 15:18:00+00:00,19952.51335,2199.67331
2026-01-05 15:19:00+00:00,19950.44759,2199.7808
2026-01-05 15:20:00+00:00,19948.42056,2199.89305
2026-01-05 15:21:00+00:00,19946.4311,2200.00989
2026-01-05 15:22:00+00:00,19944.47799,2200.13113
2026-01-05 15:23:00+00:00,19942.55993,2200.25659
2026-01-05 15:24:00+00:00,19940.6756,2200.38607
2026-01-05 15:25:00+00:00,19938.8236,2200.51936
2026-01-05 15:26:00+00:00,19937.00249,2200.65627
2026-01-05 15:27:00+00:00,19935.21076,2200.79656
2026-01-05 15:28:00+00:00,19933.44689,2200.94004
2026-01-05 15:29:00+00:00,19931.70929,2201.08646
2026-01-05 15:30:00+00:00,19929.99632,2201.2356
2026-01-05 15:31:00+00:00,19928.30632,2201.38723
2026-01-05 15:32:00+00:00,19926.6376,2201.54111
2026-01-05 15:33:00+00:00,19924.9884,2201.69699
2026-01-05 15:34:00+00:00,19923.35697,2201.85464
2026-01-05 15:35:00+00:00,19921.7415,2202.0138
2026-01-05 15:36:00+00:00,19920.14017,2202.17423
2026-01-05 15:37:00+00:00,19918.55114,2202.33568
2026-01-05 15:38:00+00:00,19916.97254,2202.49788
2026-01-05 15:39:00+00:00,19915.4025,2202.66059
2026-01-05 15:40:00+00:00,19913.83911,2202.82355
2026-01-05 15:41:00+00:00,19912.28046,2202.98651
2026-01-05 15:42:00+00:00,19910.72465,2203.1492
2026-01-05 15:43:00+00:00,19909.16976,2203.31138
2026-01-05 15:44:00+00:00,19907.61387,2203.47278
2026-01-05 15:45:00+00:00,19906.05506,2203.63316
2026-01-05 15:46:00+00:00,19904.49141,2203.79226
2026-01-05 15:47:00+00:00,19902.92102,2203.94984
2026-01-05 15:48:00+00:00,19901.342,2204.10564
2026-01-05 15:49:00+00:00,19899.75247,2204.25942
2026-01-05 15:50:00+00:00,19898.15055,2204.41094
2026-01-05 15:51:00+00:00,19896.53441,2204.55997
2026-01-05 15:52:00+00:00,19894.90223,2204.70627
2026-01-05 15:53:00+00:00,19893.2522,2204.8496
2026-01-05 15:54:00+00:00,19891.58257,2204.98975
2026-01-05 15:55:00+00:00,19889.89159,2205.1265
2026-01-05 15:56:00+00:00,19888.17756,2205.25963
2026-01-05 15:57:00+00:00,19886.43882,2205.38893
2026-01-05 15:58:00+00:00,19884.67375,2205.51421
2026-01-05 15:59:00+00:00,19882.88075,2205.63526
2026-01-05 16:00:00+00:00,19881.05829,2205.7519
2026-01-05 16:01:00+00:00,19879.20489,2205.86394
2026-01-05 16:02:00+00:00,19877.31909,2205.97122
2026-01-05 16:03:00+00:00,19875.39951,2206.07356
2026-01-05 16:04:00+00:00,19873.4448,2206.1708
2026-01-05 16:05:00+00:00,19871.4537,2206.2628
2026-01-05 16:06:00+00:00,19869.42498,2206.34941
2026-01-05 16:07:00+00:00,19867.35747,2206.4305
2026-01-05 16:08:00+00:00,19865.25009,2206.50595
2026-01-05 16:09:00+00:00,19863.10178,2206.57563
2026-01-05 16:10:00+00:00,19860.91159,2206.63944
2026-01-05 16:11:00+00:00,19858.6786,2206.69729
2026-01-05 16:12:00+00:00,19856.40199,2206.74908
2026-01-05 16:13:00+00:00,19854.08099,2206.79474
2026-01-05 16:14:00+00:00,19851.7149,2206.8342
2026-01-05 16:15:00+00:00,19849.3031,2206.8674
2026-01-05 16:16:00+00:00,19846.84505,2206.8943
2026-01-05 16:17:00+00:00,19844.34027,2206.91484
2026-01-05 16:18:00+00:00,19841.78835,2206.92902
2026-01-05 16:19:00+00:00,19839.18899,2206.9368
2026-01-05 16:20:00+00:00,19839.32672,2206.93819
2026-01-05 16:21:00+00:00,19841.26532,2206.93318
2026-01-05 16:22:00+00:00,19843.15595,2206.92178
2026-01-05 16:23:00+00:00,19844.99859,2206.90403
2026-01-05 16:24:00+00:00,19846.79329,2206.87995
2026-01-05 16:25:00+00:00,19848.5402,2206.84958
2026-01-05 16:26:00+00:00,19850.23951,2206.81299
2026-01-05 16:27:00+00:00,19851.89153,2206.77022
2026-01-05 16:28:00+00:00,19853.49661,2206.72136
2026-01-05 16:29:00+00:00,19855.05518,2206.6665
2026-01-05 16:30:00+00:00,19856.56777,2206.60571
2026-01-05 16:31:00+00:00,19858.03496,2206.53911
2026-01-05 16:32:00+00:00,19859.4574,2206.4668
2026-01-05 16:33:00+00:00,19860.83583,2206.38891
2026-01-05 16:34:00+00:00,19862.17104,2206.30556
2026-01-05 16:35:00+00:00,19863.46391,2206.21689
2026-01-05 16:36:00+00:00,19864.71537,2206.12306
2026-01-05 16:37:00+00:00,19865.92643,2206.02421
2026-01-05 16:38:00+00:00,19867.09816,2205.92051
2026-01-05 16:39:00+00:00,19868.23168,2205.81212
2026-01-05 16:40:00+00:00,19869.32818,2205.69923
2026-01-05 16:41:00+00:00,19870.38893,2205.58203
2026-01-05 16:42:00+00:00,19871.41523,2205.46069
2026-01-05 16:43:00+00:00,19872.40843,2205.33543
2026-01-05 16:44:00+00:00,19873.36997,2205.20645
2026-01-05 16:45:00+00:00,19874.3013,2205.07396
2026-01-05 16:46:00+00:00,19875.20394,2204.93817
2026-01-05 16:47:00+00:00,19876.07946,2204.79932
2026-01-05 16:48:00+00:00,19876.92945,2204.65761
2026-01-05 16:49:00+00:00,19877.75556,2204.5133
2026-01-05 16:50:00+00:00,19878.55949,2204.3666
2026-01-05 16:51:00+00:00,19879.34294,2204.21777
2026-01-05 16:52:00+00:00,19880.10767,2204.06705
2026-01-05 16:53:00+00:00,19880.85546,2203.91467
2026-01-05 16:54:00+00:00,19881.58812,2203.76089
2026-01-05 16:55:00+00:00,19882.30749,2203.60596
2026-01-05 16:56:00+00:00,19883.01541,2203.45014
2026-01-05 16:57:00+00:00,19883.71377,2203.29367
2026-01-05 16:58:00+00:00,19884.40445,2203.13681
2026-01-05 16:59:00+00:00,19885.08935,2202.97982
2026-01-05 17:00:00+00:00,19885.77038,2202.82296
2026-01-05 17:01:00+00:00,19886.44945,2202.66647
2026-01-05 17:02:00+00:00,19887.1285,2202.51062
2026-01-05 17:03:00+00:00,19887.80943,2202.35565
2026-01-05 17:04:00+00:00,19888.49416,2202.20183
2026-01-05 17:05:00+00:00,19889.1846,2202.0494
2026-01-05 17:06:00+00:00,19889.88265,2201.89861
2026-01-05 17:07:00+00:00,19890.59021,2201.74971
2026-01-05 17:08:00+00:00,19891.30914,2201.60294
2026-01-05 17:09:00+00:00,19892.0413,2201.45853
2026-01-05 17:10:00+00:00,19892.78853,2201.31673
2026-01-05 17:11:00+00:00,19893.55263,2201.17777
2026-01-05 17:12:00+00:00,19894.33539,2201.04187
2026-01-05 17:13:00+00:00,19895.13857,2200.90926
2026-01-05 17:14:00+00:00,19895.96387,2200.78015
2026-01-05 17:15:00+00:00,19896.813,2200.65476
2026-01-05 17:16:00+00:00,19897.68759,2200.53329
2026-01-05 17:17:00+00:00,19898.58924,2200.41593
2026-01-05 17:18:00+00:00,19899.51954,2200.30289
2026-01-05 17:19:00+00:00,19900.47998,2200.19434
2026-01-05 17:20:00+00:00,19901.47205,2200.09047
2026-01-05 17:21:00+00:00,19902.49716,2199.99144
2026-01-05 17:22:00+00:00,19903.55667,2199.89743
2026-01-05 17:23:00+00:00,19904.65189,2199.80858
2026-01-05 17:24:00+00:00,19905.78409,2199.72504
2026-01-05 17:25:00+00:00,19906.95445,2199.64696
2026-01-05 17:26:00+00:00,19908.1641,2199.57445
2026-01-05 17:27:00+00:00,19909.41412,2199.50764
2026-01-05 17:28:00+00:00,19910.70552,2199.44665
2026-01-05 17:29:00+00:00,19912.03923,2199.39157
2026-01-05 17:30:00+00:00,19913.41612,2199.3425
2026-01-05 17:31:00+00:00,19914.837,2199.29952
2026-01-05 17:32:00+00:00,19916.3026,2199.26271
2026-01-05 17:33:00+00:00,19917.81357,2199.23212
2026-01-05 17:34:00+00:00,19919.37052,2199.20782
2026-01-05 17:35:00+00:00,19920.97395,2199.18984
2026-01-05 17:36:00+00:00,19922.62431,2199.17822
2026-01-05 17:37:00+00:00,19924.32195,2199.17298
2026-01-05 17:38:00+00:00,19926.06718,2199.17414
2026-01-05 17:39:00+00:00,19927.8602,2199.1817
2026-01-05 17:40:00+00:00,19929.70114,2199.19565
2026-01-05 17:41:00+00:00,19931.59008,2199.21598
2026-01-05 17:42:00+00:00,19933.52699,2199.24265
2026-01-05 17:43:00+00:00,19935.51179,2199.27563
2026-01-05 17:44:00+00:00,19937.54429,2199.31487
2026-01-05 17:45:00+00:00,19939.62426,2199.36031
2026-01-05 17:46:00+00:00,19941.75137,2199.41189
2026-01-05 17:47:00+00:00,19943.92523,2199.46952
2026-01-05 17:48:00+00:00,19946.14537,2199.53313
2026-01-05 17:49:00+00:00,19948.41123,2199.6026
2026-01-05 17:50:00+00:00,19950.7222,2199.67785
2026-01-05 17:51:00+00:00,19953.07758,2199.75874
2026-01-05 17:52:00+00:00,19955.47662,2199.84516
2026-01-05 17:53:00+00:00,19957.91849,2199.93697
2026-01-05 17:54:00+00:00,19960.40227,2200.03404
2026-01-05 17:55:00+00:00,19962.92701,2200.1362
2026-01-05 17:56:00+00:00,19965.49167,2200.2433
2026-01-05 17:57:00+00:00,19968.09515,2200.35518
2026-01-05 17:58:00+00:00,19970.73629,2200.47166
2026-01-05 17:59:00+00:00,19973.41388,2200.59256
2026-01-05 18:00:00+00:00,19976.12663,2200.71769
2026-01-05 18:01:00+00:00,19978.87321,2200.84685
2026-01-05 18:02:00+00:00,19981.65224,2200.97985
2026-01-05 18:03:00+00:00,19984.46227,2201.11648
2026-01-05 18:04:00+00:00,19987.30181,2201.25651
2026-01-05 18:05:00+00:00,19990.16933,2201.39974
2026-01-05 18:06:00+00:00,19993.06324,2201.54593
2026-01-05 18:07:00+00:00,19995.98192,2201.69487
2026-01-05 18:08:00+00:00,19998.92371,2201.84631
2026-01-05 18:09:00+00:00,20001.8869,2202.00001
2026-01-05 18:10:00+00:00,20004.86976,2202.15575
2026-01-05 18:11:00+00:00,20007.87053,2202.31327
2026-01-05 18:12:00+00:00,20010.8874,2202.47232
2026-01-05 18:13:00+00:00,20013.91857,2202.63266
2026-01-05 18:14:00+00:00,20016.96218,2202.79403
2026-01-05 18:15:00+00:00,20020.01637,2202.95618
2026-01-05 18:16:00+00:00,20023.07926,2203.11886
2026-01-05 18:17:00+00:00,20026.14896,2203.28181
2026-01-05 18:18:00+00:00,20029.22355,2203.44478
2026-01-05 18:19:00+00:00,20032.30114,2203.6075
2026-01-05 18:20:00+00:00,20033.53106,2203.76973
2026-01-05 18:21:00+00:00,20034.76013,2203.9312
2026-01-05 18:22:00+00:00,20035.98642,2204.09167
2026-01-05 18:23:00+00:00,20037.20804,2204.25088
2026-01-05 18:24:00+00:00,20038.42307,2204.40859
2026-01-05 18:25:00+00:00,20039.62962,2204.56454
2026-01-05 18:26:00+00:00,20040.8258,2204.71849
2026-01-05 18:27:00+00:00,20042.00975,2204.87021
2026-01-05 18:28:00+00:00,20043.17962,2205.01944
2026-01-05 18:29:00+00:00,20044.33359,2205.16596
2026-01-05 18:30:00+00:00,20045.46986,2205.30954
2026-01-05 18:31:00+00:00,20046.58666,2205.44995
2026-01-05 18:32:00+00:00,20047.68225,2205.58698
2026-01-05 18:33:00+00:00,20048.75493,2205.72041
2026-01-05 18:34:00+00:00,20049.80303,2205.85002
2026-01-05 18:35:00+00:00,20050.82492,2205.97562
2026-01-05 18:36:00+00:00,20051.81902,2206.09702
2026-01-05 18:37:00+00:00,20052.78377,2206.21402
2026-01-05 18:38:00+00:00,20053.71769,2206.32643
2026-01-05 18:39:00+00:00,20054.61933,2206.43409
2026-01-05 18:40:00+00:00,20055.4873,2206.53683
2026-01-05 18:41:00+00:00,20056.32025,2206.63449
2026-01-05 18:42:00+00:00,20057.11691,2206.72691
2026-01-05 18:43:00+00:00,20057.87603,2206.81396
2026-01-05 18:44:00+00:00,20058.59647,2206.89549
2026-01-05 18:45:00+00:00,20059.27711,2206.97139
2026-01-05 18:46:00+00:00,20059.91691,2207.04153
2026-01-05 18:47:00+00:00,20060.51489,2207.10582
2026-01-05 18:48:00+00:00,20061.07015,2207.16414
2026-01-05 18:49:00+00:00,20061.58186,2207.21642
2026-01-05 18:50:00+00:00,20062.04922,2207.26257
2026-01-05 18:51:00+00:00,20062.47156,2207.30253
2026-01-05 18:52:00+00:00,20062.84823,2207.33623
2026-01-05 18:53:00+00:00,20063.17869,2207.36362
2026-01-05 18:54:00+00:00,20063.46246,2207.38468
2026-01-05 18:55:00+00:00,20063.69912,2207.39936
2026-01-05 18:56:00+00:00,20063.88835,2207.40766
2026-01-05 18:57:00+00:00,20064.0299,2207.40955
2026-01-05 18:58:00+00:00,20064.12357,2207.40505
2026-01-05 18:59:00+00:00,20064.16928,2207.39416
2026-01-05 19:00:00+00:00,20064.167,2207.37691
2026-01-05 19:01:00+00:00,20064.11678,2207.35334
2026-01-05 19:02:00+00:00,20064.01875,2207.32347
2026-01-05 19:03:00+00:00,20063.8731,2207.28737
2026-01-05 19:04:00+00:00,20063.68013,2207.24509
2026-01-05 19:05:00+00:00,20063.44019,2207.19672
2026-01-05 19:06:00+00:00,20063.15372,2207.14232
2026-01-05 19:07:00+00:00,20062.82121,2207.082
2026-01-05 19:08:00+00:00,20062.44325,2207.01586
2026-01-05 19:09:00+00:00,20062.02049,2206.944
2026-01-05 19:10:00+00:00,20061.55365,2206.86655
2026-01-05 19:11:00+00:00,20061.04354,2206.78363
2026-01-05 19:12:00+00:00,20060.491,2206.69538
2026-01-05 19:13:00+00:00,20059.89699,2206.60196
2026-01-05 19:14:00+00:00,20059.26249,2206.5035
2026-01-05 19:15:00+00:00,20058.58856,2206.40018
2026-01-05 19:16:00+00:00,20057.87634,2206.29216
2026-01-05 19:17:00+00:00,20057.12701,2206.17962
2026-01-05 19:18:00+00:00,20056.34182,2206.06275
2026-01-05 19:19:00+00:00,20055.52207,2205.94174
2026-01-05 19:20:00+00:00,20054.66912,2205.81679
2026-01-05 19:21:00+00:00,20053.78439,2205.68809
2026-01-05 19:22:00+00:00,20052.86933,2205.55587
2026-01-05 19:23:00+00:00,20051.92546,2205.42034
2026-01-05 19:24:00+00:00,20050.95433,2205.28172
2026-01-05 19:25:00+00:00,20049.95756,2205.14024
2026-01-05 19:26:00+00:00,20048.93678,2204.99612
2026-01-05 19:27:00+00:00,20047.89367,2204.84961
2026-01-05 19:28:00+00:00,20046.82994,2204.70094
2026-01-05 19:29:00+00:00,20045.74736,2204.55035
2026-01-05 19:30:00+00:00,20044.6477,2204.3981
2026-01-05 19:31:00+00:00,20043.53276,2204.24442
2026-01-05 19:32:00+00:00,20042.40437,2204.08958
2026-01-05 19:33:00+00:00,20041.2644,2203.93381
2026-01-05 19:34:00+00:00,20040.11471,2203.77739
2026-01-05 19:35:00+00:00,20038.95719,2203.62055
2026-01-05 19:36:00+00:00,20037.79374,2203.46356
2026-01-05 19:37:00+00:00,20036.62627,2203.30668
2026-01-05 19:38:00+00:00,20035.45669,2203.15015
2026-01-05 19:39:00+00:00,20034.28693,2202.99424
2026-01-05 19:40:00+00:00,20033.1189,2202.83919
2026-01-05 19:41:00+00:00,20031.95452,2202.68527
2026-01-05 19:42:00+00:00,20030.79569,2202.53272
2026-01-05 19:43:00+00:00,20029.64433,2202.38179
2026-01-05 19:44:00+00:00,20028.50232,2202.23273
2026-01-05 19:45:00+00:00,20027.37154,2202.08578
2026-01-05 19:46:00+00:00,20026.25384,2201.94118
2026-01-05 19:47:00+00:00,20025.15107,2201.79916
2026-01-05 19:48:00+00:00,20024.06502,2201.65997
2026-01-05 19:49:00+00:00,20022.99749,2201.52382
2026-01-05 19:50:00+00:00,20021.95024,2201.39094
2026-01-05 19:51:00+00:00,20020.92498,2201.26154
2026-01-05 19:52:00+00:00,20019.9234,2201.13584
2026-01-05 19:53:00+00:00,20018.94717,2201.01405
2026-01-05 19:54:00+00:00,20017.99787,2200.89636
2026-01-05 19:55:00+00:00,20017.07709,2200.78296
2026-01-05 19:56:00+00:00,20016.18634,2200.67405
2026-01-05 19:57:00+00:00,20015.3271,2200.5698
2026-01-05 19:58:00+00:00,20014.50078,2200.47039
2026-01-05 19:59:00+00:00,20013.70876,2200.37597
